321.69691071	-0.00003627
321.80419001	-0.00030833
321.91147625	-0.00044436
322.01876942	-0.00145098
322.12606951	0.00020858
322.23337654	0.00058946
322.34069050	0.00132402
322.44801138	0.00069829
322.55533918	0.00260270
322.66267391	-0.00139657
322.77001555	-0.00079804
322.87736412	-0.00131495
322.98471960	-0.00028113
323.09208199	-0.00204951
323.19945130	-0.00164143
323.30682751	-0.00234878
323.41421064	-0.00079804
323.52160068	-0.00109731
323.62899762	-0.00079804
323.73640146	-0.00112451
323.84381220	0.00080711
323.95122985	-0.00207672
324.05865439	0.00004534
324.16608583	-0.00153260
324.27352417	0.00067108
324.38096940	0.00020858
324.48842152	0.00162329
324.59588052	-0.00019951
324.70334642	0.00124241
324.81081920	0.00023578
324.91829887	-0.00087966
325.02578541	-0.00292011
325.13327884	-0.00131495
325.24077915	-0.00207672
325.34828633	-0.00074363
325.45580039	-0.00215834
325.56332132	-0.00033554
325.67084912	-0.00107010
325.77838379	-0.00096128
325.88592533	0.00042623
325.99347374	0.00042623
326.10102901	0.00077990
326.20859114	0.00077990
326.31616013	-0.00038995
326.42373598	0.00197697
326.53131869	-0.00036275
326.63890825	0.00064387
326.74650467	-0.00199510
326.85410793	-0.00289290
326.96171805	-0.00068922
327.06933502	0.00023578
327.17695883	-0.00117892
327.28458948	-0.00136937
327.39222698	-0.00136937
327.49987132	-0.00098848
327.60752250	-0.00218554
327.71518051	-0.00044436
327.82284536	-0.00194069
327.93051705	0.00050784
328.03819556	0.00113358
328.14588091	0.00135123
328.25357308	-0.00038995
328.36127208	0.00238505
328.46897790	-0.00166863
328.57669055	-0.00022672
328.68441002	-0.00199510
328.79213630	-0.00068922
328.89986941	-0.00202231
329.00760933	-0.00185907
329.11535606	-0.00117892
329.22310960	-0.00191349
329.33086996	-0.00115172
329.43863712	0.00009976
329.54641109	0.00004534
329.65419187	0.00072549
329.76197944	0.00058946
329.86977382	0.00194976
329.97757500	0.00058946
330.08538297	0.00118799
330.19319774	-0.00044436
330.30101931	-0.00038995
330.40884767	-0.00210393
330.51668281	-0.00022672
330.62452475	-0.00215834
330.73237347	-0.00055319
330.84022898	-0.00142378
330.94809127	-0.00011789
331.05596034	-0.00117892
331.16383619	-0.00047157
331.27171882	-0.00120613
331.37960822	-0.00123334
331.48750440	-0.00074363
331.59540735	-0.00066201
331.70331707	0.00007255
331.81123356	0.00064387
331.91915682	-0.00036275
332.02708684	0.00004534
332.13502363	-0.00063481
332.24296717	0.00039902
332.35091748	-0.00049878
332.45887454	-0.00117892
332.56683837	-0.00175025
332.67480894	-0.00079804
332.78278627	-0.00049878
332.89077034	-0.00000907
332.99876117	-0.00079804
333.10675875	0.00034461
333.21476306	0.00001814
333.32277413	0.00018137
333.43079193	-0.00003627
333.53881647	0.00009976
333.64684776	-0.00058039
333.75488578	0.00020858
333.86293053	-0.00063481
333.97098201	0.00020858
334.07904023	-0.00006348
334.18710518	-0.00093407
334.29517685	-0.00058039
334.40325525	0.00034461
334.51134037	-0.00177746
334.61943221	-0.00117892
334.72753078	-0.00139657
334.83563606	-0.00049878
334.94374806	-0.00085245
335.05186677	-0.00041716
335.15999220	-0.00019951
335.26812433	0.00031740
335.37626318	0.00042623
335.48440874	0.00146005
335.59256099	0.00061667
335.70071996	0.00023578
335.80888562	-0.00126054
335.91705799	0.00113358
336.02523705	-0.00194069
336.13342282	0.00045343
336.24161527	-0.00079804
336.34981442	0.00042623
336.45802026	-0.00188628
336.56623279	0.00031740
336.67445201	-0.00117892
336.78267791	0.00026299
336.89091050	0.00151446
336.99914977	0.00154167
337.10739572	0.00034461
337.21564835	0.00029020
337.32390765	-0.00052598
337.43217363	0.00026299
337.54044629	-0.00126054
337.64872561	-0.00017230
337.75701161	-0.00302893
337.86530427	-0.00052598
337.97360360	-0.00115172
338.08190959	-0.00150540
338.19022225	-0.00158701
338.29854157	-0.00134216
338.40686754	-0.00074363
338.51520017	-0.00011789
338.62353946	0.00007255
338.73188540	0.00067108
338.84023800	0.00037181
338.94859724	-0.00063481
339.05696313	-0.00014510
339.16533567	0.00224903
339.27371485	-0.00058039
339.38210067	0.00077990
339.49049314	-0.00196790
339.59889224	-0.00145098
339.70729798	-0.00166863
339.81571036	0.00080711
339.92412937	-0.00063481
340.03255501	-0.00126054
340.14098729	-0.00085245
340.24942619	0.00048064
340.35787171	-0.00292011
340.46632387	0.00067108
340.57478264	-0.00147819
340.68324804	-0.00000907
340.79172005	0.00099755
340.90019868	0.00015417
341.00868393	-0.00030833
341.11717579	0.00137843
341.22567427	-0.00052598
341.33417935	0.00009976
341.44269105	-0.00207672
341.55120935	-0.00107010
341.65973425	-0.00139657
341.76826576	0.00004534
341.87680387	-0.00055319
341.98534857	-0.00017230
342.09389988	-0.00147819
342.20245778	0.00143285
342.31102228	-0.00038995
342.41959337	0.00012696
342.52817105	-0.00123334
342.63675531	0.00029020
342.74534617	0.00031740
342.85394361	0.00091593
342.96254763	-0.00017230
343.07115823	0.00088873
343.17977542	-0.00028113
343.28839918	-0.00063481
343.39702951	-0.00038995
343.50566643	0.00020858
343.61430991	-0.00126054
343.72295997	-0.00066201
343.83161659	-0.00085245
343.94027978	-0.00030833
344.04894954	-0.00055319
344.15762586	0.00137843
344.26630874	-0.00044436
344.37499818	0.00124241
344.48369418	-0.00025392
344.59239673	0.00039902
344.70110584	-0.00158701
344.80982150	0.00048064
344.91854372	-0.00066201
345.02727248	0.00023578
345.13600779	-0.00044436
345.24474965	-0.00052598
345.35349804	-0.00033554
345.46225298	-0.00049878
345.57101447	-0.00319216
345.67978248	0.00053505
345.78855704	-0.00052598
345.89733813	0.00086152
346.00612575	-0.00063481
346.11491991	-0.00022672
346.22372059	-0.00038995
346.33252780	0.00143285
346.44134154	0.00129682
346.55016180	-0.00068922
346.65898858	-0.00079804
346.76782188	-0.00052598
346.87666170	-0.00213113
346.98550804	-0.00096128
347.09436089	-0.00267525
347.20322026	-0.00101569
347.31208614	-0.00150540
347.42095852	-0.00000907
347.52983742	-0.00147819
347.63872282	0.00056226
347.74761472	-0.00036275
347.85651313	0.00148726
347.96541803	0.00004534
348.07432944	0.00156888
348.18324734	0.00009976
348.29217174	-0.00052598
348.40110263	-0.00115172
348.51004001	0.00020858
348.61898388	-0.00123334
348.72793424	-0.00028113
348.83689109	-0.00134216
348.94585442	-0.00011789
349.05482423	-0.00199510
349.16380052	-0.00112451
349.27278329	-0.00060760
349.38177254	-0.00199510
349.49076826	-0.00063481
349.59977046	-0.00009069
349.70877913	0.00012696
349.81779427	0.00088873
349.92681588	0.00077990
350.03584395	0.00020858
350.14487849	-0.00117892
350.25391949	0.00075270
350.36296695	-0.00123334
350.47202087	-0.00202231
350.58108125	-0.00175025
350.69014808	-0.00120613
350.79922137	-0.00003627
350.90830110	0.00004534
351.01738729	-0.00058039
351.12647993	0.00107917
351.23557901	-0.00041716
351.34468454	0.00012696
351.45379651	0.00042623
351.56291492	0.00099755
351.67203977	-0.00090686
351.78117106	-0.00011789
351.89030879	0.00029020
351.99945295	-0.00033554
352.10860354	-0.00243040
352.21776056	-0.00087966
352.32692400	-0.00117892
352.43609388	-0.00175025
352.54527018	-0.00115172
352.65445290	0.00031740
352.76364205	-0.00049878
352.87283761	-0.00060760
352.98203959	-0.00115172
353.09124799	0.00175932
353.20046280	-0.00071642
353.30968403	0.00077990
353.41891166	-0.00011789
353.52814570	0.00075270
353.63738615	-0.00142378
353.74663301	0.00069829
353.85588626	-0.00308334
353.96514592	-0.00082525
354.07441198	-0.00063481
354.18368444	-0.00126054
354.29296329	-0.00120613
354.40224854	-0.00049878
354.51154018	-0.00145098
354.62083821	0.00086152
354.73014263	0.00042623
354.83945344	0.00129682
354.94877063	0.00034461
355.05809420	0.00116079
355.16742416	-0.00066201
355.27676049	0.00151446
355.38610321	-0.00038995
355.49545230	-0.00074363
355.60480777	-0.00172304
355.71416960	-0.00150540
355.82353781	-0.00240319
355.93291239	-0.00087966
356.04229333	-0.00134216
356.15168064	-0.00161422
356.26107432	-0.00079804
356.37047435	-0.00194069
356.47988075	-0.00055319
356.58929350	0.00015417
356.69871261	-0.00079804
356.80813808	0.00083432
356.91756990	0.00143285
357.02700807	0.00004534
357.13645259	-0.00120613
357.24590345	-0.00071642
357.35536066	-0.00272966
357.46482422	-0.00068922
357.57429411	-0.00077084
357.68377035	-0.00049878
357.79325293	-0.00003627
357.90274184	-0.00115172
358.01223709	-0.00074363
358.12173867	0.00045343
358.23124658	-0.00063481
358.34076082	0.00110638
358.45028139	-0.00101569
358.55980829	-0.00068922
358.66934150	0.00154167
358.77888104	0.00083432
358.88842691	-0.00082525
358.99797909	0.00045343
359.10753758	0.00031740
359.21710239	-0.00011789
359.32667352	-0.00297452
359.43625096	0.00012696
359.54583470	-0.00185907
359.65542476	-0.00003627
359.76502112	-0.00009069
359.87462378	0.00042623
359.98423275	-0.00218554
360.09384802	0.00034461
360.20346958	0.00018137
360.31309744	0.00061667
360.42273160	-0.00248481
360.53237206	-0.00041716
360.64201880	-0.00155981
360.75167183	-0.00077084
360.86133115	-0.00158701
360.97099676	-0.00028113
361.08066865	-0.00289290
361.19034683	-0.00060760
361.30003128	-0.00104289
361.40972202	-0.00033554
361.51941903	-0.00109731
361.62912232	-0.00000907
361.73883188	-0.00177746
361.84854771	0.00102476
361.95826981	-0.00215834
362.06799819	0.00126961
362.17773282	-0.00090686
362.28747372	0.00058946
362.39722089	-0.00175025
362.50697432	-0.00019951
362.61673400	-0.00139657
362.72649994	0.00086152
362.83627214	-0.00109731
362.94605059	-0.00063481
363.05583530	-0.00060760
363.16562625	0.00056226
363.27542346	-0.00087966
363.38522690	-0.00014510
363.49503660	0.00042623
363.60485254	-0.00150540
363.71467471	0.00075270
363.82450313	0.00023578
363.93433779	-0.00077084
364.04417868	0.00009976
364.15402581	-0.00202231
364.26387916	0.00107917
364.37373875	-0.00204951
364.48360457	0.00053505
364.59347661	-0.00226716
364.70335488	-0.00009069
364.81323937	-0.00068922
364.92313009	-0.00245760
365.03302702	-0.00014510
365.14293017	0.00058946
365.25283954	0.00086152
365.36275512	0.00121520
365.47267691	0.00072549
365.58260491	-0.00049878
365.69253913	-0.00049878
365.80247955	0.00091593
365.91242617	-0.00194069
366.02237900	-0.00025392
366.13233803	-0.00172304
366.24230326	-0.00109731
366.35227469	-0.00161422
366.46225231	-0.00028113
366.57223613	-0.00085245
366.68222614	0.00102476
366.79222235	-0.00161422
366.90222474	-0.00063481
367.01223332	0.00075270
367.12224808	0.00205858
367.23226903	-0.00112451
367.34229616	0.00135123
367.45232947	-0.00117892
367.56236895	-0.00000907
367.67241462	-0.00096128
367.78246646	-0.00000907
367.89252447	-0.00112451
368.00258865	-0.00077084
368.11265900	-0.00033554
368.22273552	0.00001814
368.33281820	0.00072549
368.44290705	-0.00063481
368.55300206	-0.00134216
368.66310323	0.00045343
368.77321056	0.00004534
368.88332405	-0.00049878
368.99344369	0.00023578
369.10356948	-0.00041716
369.21370143	-0.00011789
369.32383952	-0.00009069
369.43398377	-0.00177746
369.54413415	-0.00011789
369.65429069	-0.00172304
369.76445336	-0.00025392
369.87462217	-0.00120613
369.98479713	-0.00126054
370.09497822	-0.00169584
370.20516544	-0.00120613
370.31535880	-0.00139657
370.42555829	0.00086152
370.53576391	-0.00038995
370.64597566	-0.00006348
370.75619353	-0.00090686
370.86641753	0.00031740
370.97664765	-0.00131495
371.08688389	-0.00014510
371.19712625	0.00053505
371.30737472	-0.00003627
371.41762931	-0.00183187
371.52789002	0.00029020
371.63815683	-0.00188628
371.74842976	0.00020858
371.85870879	-0.00077084
371.96899394	0.00034461
372.07928518	-0.00052598
372.18958253	0.00067108
372.29988598	0.00020858
372.41019552	0.00091593
372.52051117	0.00023578
372.63083291	0.00107917
372.74116074	-0.00196790
372.85149467	-0.00025392
372.96183468	-0.00275687
373.07218079	0.00004534
373.18253298	-0.00068922
373.29289125	-0.00011789
373.40325561	-0.00180466
373.51362605	-0.00000907
373.62400256	-0.00107010
373.73438516	0.00056226
373.84477383	-0.00028113
373.95516858	-0.00079804
374.06556939	-0.00077084
374.17597628	0.00064387
374.28638923	-0.00136937
374.39680826	0.00091593
374.50723334	0.00018137
374.61766449	0.00012696
374.72810170	-0.00112451
374.83854497	-0.00009069
374.94899430	-0.00243040
375.05944969	0.00026299
375.16991112	-0.00155981
375.28037861	-0.00153260
375.39085215	-0.00131495
375.50133174	0.00077990
375.61181738	0.00026299
375.72230906	0.00080711
375.83280678	-0.00011789
375.94331055	0.00053505
376.05382035	-0.00128775
376.16433620	0.00042623
376.27485808	-0.00232157
376.38538599	-0.00033554
376.49591993	-0.00085245
376.60645991	-0.00063481
376.71700592	-0.00175025
376.82755795	-0.00085245
376.93811601	-0.00155981
377.04868009	-0.00215834
377.15925019	-0.00207672
377.26982631	-0.00022672
377.38040845	0.00053505
377.49099661	-0.00066201
377.60159078	0.00058946
377.71219096	-0.00077084
377.82279715	0.00023578
377.93340936	0.00064387
378.04402757	-0.00071642
378.15465178	-0.00055319
378.26528200	-0.00093407
378.37591822	0.00058946
378.48656045	-0.00128775
378.59720866	-0.00204951
378.70786288	-0.00240319
378.81852309	-0.00191349
378.92918929	-0.00226716
379.03986149	0.00075270
379.15053967	-0.00079804
379.26122384	-0.00011789
379.37191400	-0.00033554
379.48261014	-0.00011789
379.59331226	-0.00058039
379.70402036	-0.00041716
379.81473444	-0.00052598
379.92545450	0.00077990
380.03618053	-0.00164143
380.14691254	0.00056226
380.25765052	0.00077990
380.36839446	0.00102476
380.47914438	-0.00036275
380.58990026	-0.00022672
380.70066210	0.00058946
380.81142990	0.00067108
380.92220367	-0.00044436
381.03298339	0.00007255
381.14376908	-0.00134216
381.25456071	-0.00044436
381.36535830	-0.00068922
381.47616184	-0.00003627
381.58697133	-0.00025392
381.69778677	-0.00017230
381.80860816	-0.00049878
381.91943548	-0.00011789
382.03026876	-0.00232157
382.14110797	-0.00109731
382.25195312	-0.00207672
382.36280421	-0.00085245
382.47366123	-0.00112451
382.58452418	0.00020858
382.69539307	-0.00038995
382.80626789	0.00020858
382.91714863	-0.00009069
383.02803531	0.00186814
383.13892790	0.00023578
383.24982642	0.00053505
383.36073086	-0.00131495
383.47164122	-0.00123334
383.58255749	-0.00068922
383.69347969	-0.00115172
383.80440779	-0.00096128
383.91534181	-0.00006348
384.02628173	-0.00047157
384.13722757	-0.00063481
384.24817931	-0.00109731
384.35913695	-0.00180466
384.47010050	-0.00150540
384.58106995	0.00077990
384.69204530	-0.00169584
384.80302655	-0.00223996
384.91401369	0.00034461
385.02500672	-0.00060760
385.13600565	0.00020858
385.24701047	0.00091593
385.35802118	-0.00060760
385.46903777	-0.00058039
385.58006025	-0.00074363
385.69108861	-0.00074363
385.80212285	-0.00077084
385.91316297	-0.00055319
386.02420897	-0.00101569
386.13526084	0.00020858
386.24631859	-0.00041716
386.35738221	-0.00028113
386.46845170	-0.00085245
386.57952706	0.00091593
386.69060829	-0.00068922
386.80169538	0.00097035
386.91278833	-0.00183187
387.02388715	-0.00131495
387.13499183	-0.00093407
387.24610236	-0.00139657
387.35721875	-0.00234878
387.46834099	-0.00022672
387.57946909	-0.00289290
387.69060304	-0.00104289
387.80174283	-0.00058039
387.91288847	-0.00139657
388.02403996	0.00099755
388.13519729	0.00113358
388.24636046	-0.00077084
388.35752948	0.00162329
388.46870433	-0.00082525
388.57988501	-0.00093407
388.69107153	-0.00169584
388.80226389	-0.00052598
388.91346207	-0.00267525
389.02466609	-0.00068922
389.13587593	0.00034461
389.24709159	-0.00128775
389.35831308	0.00029020
389.46954039	-0.00153260
389.58077352	-0.00087966
389.69201247	-0.00047157
389.80325724	-0.00131495
389.91450782	0.00012696
390.02576421	-0.00014510
390.13702642	-0.00036275
390.24829443	0.00050784
390.35956825	-0.00022672
390.47084788	0.00031740
390.58213331	0.00072549
390.69342454	-0.00074363
390.80472157	0.00001814
390.91602441	-0.00221275
391.02733303	-0.00063481
391.13864745	-0.00232157
391.24996767	-0.00058039
391.36129368	-0.00237599
391.47262547	-0.00063481
391.58396306	0.00034461
391.69530642	-0.00117892
391.80665558	-0.00066201
391.91801051	0.00113358
392.02937123	0.00102476
392.14073772	-0.00063481
392.25210999	-0.00082525
392.36348804	0.00184094
392.47487186	-0.00082525
392.58626145	-0.00090686
392.69765681	-0.00134216
392.80905794	-0.00194069
392.92046483	-0.00153260
393.03187749	-0.00117892
393.14329591	-0.00221275
393.25472009	0.00080711
393.36615003	-0.00047157
393.47758573	0.00001814
393.58902718	0.00020858
393.70047439	-0.00014510
393.81192735	-0.00172304
393.92338605	-0.00033554
394.03485051	-0.00145098
394.14632071	0.00007255
394.25779665	0.00015417
394.36927834	0.00072549
394.48076577	-0.00071642
394.59225894	0.00007255
394.70375784	-0.00044436
394.81526248	-0.00028113
394.92677286	-0.00033554
395.03828896	-0.00049878
395.14981080	0.00020858
395.26133836	-0.00047157
395.37287165	-0.00128775
395.48441067	0.00037181
395.59595541	0.00067108
395.70750587	-0.00006348
395.81906204	0.00067108
395.93062394	0.00080711
396.04219155	-0.00191349
396.15376487	-0.00107010
396.26534391	-0.00139657
396.37692866	-0.00085245
396.48851911	-0.00115172
396.60011527	-0.00030833
396.71171714	-0.00085245
396.82332471	0.00042623
396.93493798	-0.00058039
397.04655695	0.00020858
397.15818162	0.00097035
397.26981198	-0.00066201
397.38144804	-0.00112451
397.49308979	0.00140564
397.60473723	-0.00030833
397.71639036	-0.00096128
397.82804917	-0.00109731
397.93971367	0.00039902
398.05138386	-0.00180466
398.16305972	-0.00093407
398.27474127	-0.00052598
398.38642849	-0.00079804
398.49812139	-0.00126054
398.60981996	0.00075270
398.72152421	-0.00232157
398.83323412	0.00053505
398.94494971	-0.00123334
399.05667096	0.00118799
399.16839787	-0.00150540
399.28013045	-0.00153260
399.39186869	-0.00131495
399.50361260	-0.00025392
399.61536215	-0.00175025
399.72711737	-0.00052598
399.83887824	-0.00028113
399.95064476	-0.00055319
400.06241693	-0.00028113
400.17419476	-0.00014510
400.28597823	-0.00207672
400.39776734	0.00001814
400.50956210	-0.00177746
400.62136250	0.00140564
400.73316854	-0.00011789
400.84498022	0.00099755
400.95679753	-0.00245760
401.06862048	-0.00131495
401.18044906	-0.00177746
401.29228327	-0.00166863
401.40412312	-0.00104289
401.51596858	-0.00349143
401.62781968	-0.00107010
401.73967640	-0.00066201
401.85153874	-0.00109731
401.96340670	-0.00136937
402.07528028	-0.00134216
402.18715947	-0.00047157
402.29904429	-0.00123334
402.41093471	0.00009976
402.52283074	-0.00188628
402.63473239	0.00069829
402.74663964	-0.00098848
402.85855250	-0.00077084
402.97047096	-0.00074363
403.08239502	-0.00147819
403.19432469	-0.00183187
403.30625995	-0.00041716
403.41820081	-0.00194069
403.53014726	-0.00147819
403.64209931	-0.00128775
403.75405695	-0.00120613
403.86602018	-0.00234878
403.97798899	-0.00085245
404.08996339	-0.00079804
404.20194338	0.00053505
404.31392895	0.00009976
404.42592010	0.00045343
404.53791683	0.00012696
404.64991913	-0.00047157
404.76192701	-0.00055319
404.87394046	-0.00063481
404.98595949	0.00067108
405.09798408	-0.00112451
405.21001425	-0.00112451
405.32204998	0.00023578
405.43409127	-0.00139657
405.54613813	-0.00107010
405.65819054	-0.00117892
405.77024852	0.00037181
405.88231205	-0.00052598
405.99438114	-0.00041716
406.10645578	0.00009976
406.21853597	0.00029020
406.33062172	-0.00077084
406.44271301	0.00067108
406.55480985	-0.00112451
406.66691223	-0.00112451
406.77902016	-0.00240319
406.89113362	0.00214020
407.00325263	-0.00085245
407.11537717	-0.00006348
407.22750725	-0.00115172
407.33964286	-0.00011789
407.45178400	-0.00017230
407.56393068	0.00091593
407.67608288	-0.00134216
407.78824061	0.00181373
407.90040387	-0.00041716
408.01257264	0.00058946
408.12474694	-0.00055319
408.23692676	0.00029020
408.34911209	0.00075270
408.46130294	-0.00019951
408.57349931	-0.00259363
408.68570119	-0.00052598
408.79790857	0.00001814
408.91012147	-0.00139657
409.02233987	-0.00011789
409.13456378	0.00048064
409.24679319	-0.00006348
409.35902810	-0.00047157
409.47126851	-0.00041716
409.58351442	0.00094314
409.69576583	0.00075270
409.80802273	-0.00071642
409.92028512	-0.00090686
410.03255300	-0.00006348
410.14482637	-0.00191349
410.25710523	0.00056226
410.36938958	-0.00175025
410.48167940	-0.00087966
410.59397471	-0.00104289
410.70627550	-0.00134216
410.81858177	-0.00155981
410.93089351	-0.00202231
411.04321072	0.00045343
411.15553341	0.00009976
411.26786157	-0.00052598
411.38019520	-0.00063481
411.49253430	-0.00128775
411.60487886	0.00048064
411.71722889	-0.00014510
411.82958437	0.00110638
411.94194532	-0.00243040
412.05431172	-0.00041716
412.16668358	-0.00090686
412.27906090	0.00001814
412.39144367	-0.00112451
412.50383189	0.00020858
412.61622556	-0.00079804
412.72862467	-0.00030833
412.84102923	-0.00218554
412.95343924	-0.00030833
413.06585469	-0.00068922
413.17827558	0.00045343
413.29070190	0.00099755
413.40313366	0.00113358
413.51557086	-0.00000907
413.62801349	-0.00047157
413.74046155	-0.00079804
413.85291504	-0.00071642
413.96537396	-0.00104289
414.07783830	0.00053505
414.19030807	-0.00131495
414.30278326	-0.00025392
414.41526387	-0.00145098
414.52774990	0.00020858
414.64024135	-0.00071642
414.75273821	-0.00033554
414.86524048	-0.00166863
414.97774817	-0.00166863
415.09026126	0.00211300
415.20277976	-0.00066201
415.31530367	-0.00025392
415.42783299	0.00031740
415.54036770	-0.00237599
415.65290782	-0.00006348
415.76545333	-0.00204951
415.87800424	-0.00058039
415.99056055	-0.00017230
416.10312225	-0.00052598
416.21568934	-0.00077084
416.32826182	-0.00115172
416.44083969	-0.00052598
416.55342294	0.00023578
416.66601158	0.00045343
416.77860561	-0.00006348
416.89120501	0.00042623
417.00380979	-0.00109731
417.11641995	0.00072549
417.22903548	0.00001814
417.34165639	-0.00256643
417.45428267	-0.00131495
417.56691432	-0.00120613
417.67955134	-0.00082525
417.79219372	-0.00177746
417.90484147	-0.00139657
418.01749458	-0.00077084
418.13015305	-0.00030833
418.24281689	-0.00104289
418.35548607	0.00020858
418.46816062	-0.00169584
418.58084052	-0.00025392
418.69352577	-0.00085245
418.80621637	-0.00019951
418.91891232	-0.00077084
419.03161361	0.00053505
419.14432025	-0.00074363
419.25703223	0.00099755
419.36974956	-0.00183187
419.48247222	-0.00134216
419.59520022	-0.00117892
419.70793356	0.00015417
419.82067223	-0.00079804
419.93341623	-0.00044436
420.04616556	-0.00128775
420.15892023	0.00031740
420.27168021	-0.00164143
420.38444553	0.00018137
420.49721616	-0.00085245
420.60999212	-0.00126054
420.72277340	-0.00033554
420.83555999	0.00009976
420.94835191	-0.00085245
421.06114913	-0.00166863
421.17395167	-0.00063481
421.28675952	-0.00218554
421.39957267	-0.00123334
421.51239114	0.00001814
421.62521491	-0.00123334
421.73804398	0.00058946
421.85087835	-0.00044436
421.96371802	0.00018137
422.07656300	-0.00068922
422.18941326	0.00015417
422.30226883	-0.00131495
422.41512968	0.00146005
422.52799583	0.00020858
422.64086726	0.00031740
422.75374398	-0.00090686
422.86662599	0.00004534
422.97951328	-0.00223996
423.09240585	0.00058946
423.20530370	0.00094314
423.31820683	-0.00093407
423.43111524	-0.00068922
423.54402892	0.00009976
423.65694787	-0.00025392
423.76987210	0.00007255
423.88280159	-0.00107010
423.99573635	0.00045343
424.10867638	-0.00098848
424.22162167	0.00067108
424.33457222	0.00020858
424.44752803	0.00086152
424.56048911	-0.00098848
424.67345543	-0.00104289
424.78642701	0.00018137
424.89940385	-0.00038995
425.01238594	-0.00055319
425.12537327	-0.00063481
425.23836585	-0.00098848
425.35136368	-0.00153260
425.46436676	-0.00096128
425.57737507	0.00009976
425.69038863	0.00143285
425.80340742	0.00124241
425.91643145	-0.00060760
426.02946072	0.00018137
426.14249521	-0.00068922
426.25553494	0.00165049
426.36857990	-0.00109731
426.48163009	-0.00131495
426.59468550	-0.00123334
426.70774614	0.00018137
426.82081200	-0.00030833
426.93388308	-0.00041716
427.04695938	-0.00063481
427.16004090	0.00018137
427.27312763	-0.00188628
427.38621957	0.00107917
427.49931673	-0.00104289
427.61241909	0.00091593
427.72552667	0.00012696
427.83863945	0.00009976
427.95175743	0.00034461
428.06488062	-0.00006348
428.17800900	-0.00210393
428.29114259	0.00050784
428.40428137	-0.00139657
428.51742535	-0.00115172
428.63057452	0.00067108
428.74372889	-0.00044436
428.85688844	-0.00063481
428.97005318	0.00034461
429.08322311	-0.00172304
429.19639823	0.00091593
429.30957852	-0.00175025
429.42276400	0.00080711
429.53595465	-0.00006348
429.64915049	-0.00049878
429.76235150	-0.00098848
429.87555768	0.00018137
429.98876903	-0.00033554
430.10198556	-0.00028113
430.21520725	-0.00126054
430.32843411	0.00058946
430.44166613	-0.00120613
430.55490332	-0.00123334
430.66814567	-0.00090686
430.78139317	0.00116079
430.89464584	-0.00117892
431.00790366	0.00219461
431.12116663	0.00004534
431.23443476	-0.00017230
431.34770804	0.00086152
431.46098646	-0.00131495
431.57427004	-0.00028113
431.68755875	-0.00177746
431.80085261	-0.00014510
431.91415162	-0.00158701
432.02745576	-0.00052598
432.14076504	-0.00183187
432.25407945	-0.00112451
432.36739900	-0.00003627
432.48072368	-0.00022672
432.59405349	-0.00028113
432.70738843	0.00020858
432.82072850	0.00037181
432.93407369	0.00015417
433.04742401	0.00037181
433.16077945	-0.00058039
433.27414000	-0.00226716
433.38750568	-0.00055319
433.50087647	-0.00055319
433.61425238	-0.00052598
433.72763339	-0.00243040
433.84101952	-0.00009069
433.95441076	-0.00085245
434.06780711	0.00072549
434.18120856	-0.00204951
434.29461511	-0.00052598
434.40802677	0.00034461
434.52144352	0.00170491
434.63486538	-0.00101569
434.74829233	-0.00009069
434.86172437	-0.00136937
434.97516151	-0.00107010
435.08860373	-0.00033554
435.20205105	-0.00058039
435.31550346	0.00102476
435.42896095	-0.00022672
435.54242352	-0.00077084
435.65589118	-0.00093407
435.76936391	-0.00158701
435.88284173	-0.00049878
435.99632462	-0.00188628
436.10981258	-0.00028113
436.22330562	-0.00058039
436.33680373	0.00037181
436.45030691	-0.00087966
436.56381516	0.00045343
436.67732847	0.00067108
436.79084684	-0.00068922
436.90437028	-0.00150540
437.01789878	-0.00161422
437.13143234	-0.00164143
437.24497095	-0.00066201
437.35851462	-0.00093407
437.47206334	-0.00066201
437.58561711	-0.00142378
437.69917594	-0.00142378
437.81273981	0.00042623
437.92630872	0.00018137
438.03988268	0.00007255
438.15346169	0.00009976
438.26704573	-0.00068922
438.38063481	0.00080711
438.49422893	0.00132402
438.60782808	-0.00117892
438.72143227	-0.00011789
438.83504149	-0.00058039
438.94865574	-0.00096128
439.06227501	-0.00109731
439.17589932	-0.00126054
439.28952864	-0.00175025
439.40316299	-0.00079804
439.51680236	0.00056226
439.63044675	-0.00283849
439.74409616	0.00007255
439.85775058	-0.00006348
439.97141002	-0.00126054
440.08507446	0.00023578
440.19874392	-0.00058039
440.31241838	-0.00009069
440.42609785	-0.00009069
440.53978233	-0.00055319
440.65347181	-0.00082525
440.76716629	-0.00232157
440.88086577	-0.00153260
440.99457024	-0.00066201
441.10827971	-0.00104289
441.22199418	-0.00229437
441.33571363	-0.00009069
441.44943808	-0.00030833
441.56316752	-0.00164143
441.67690194	-0.00052598
441.79064134	0.00178652
441.90438573	-0.00117892
442.01813510	0.00053505
442.13188945	0.00067108
442.24564878	-0.00068922
442.35941308	-0.00079804
442.47318236	-0.00025392
442.58695661	0.00004534
442.70073583	-0.00085245
442.81452002	-0.00245760
442.92830917	0.00031740
443.04210329	-0.00259363
443.15590237	0.00042623
443.26970642	-0.00009069
443.38351542	0.00113358
443.49732938	-0.00060760
443.61114830	0.00097035
443.72497217	-0.00077084
443.83880100	-0.00006348
443.95263477	-0.00030833
444.06647349	0.00048064
444.18031716	-0.00172304
444.29416578	0.00009976
444.40801933	0.00004534
444.52187783	0.00007255
444.63574127	-0.00153260
444.74960965	-0.00003627
444.86348296	-0.00090686
444.97736121	-0.00052598
445.09124439	-0.00302893
445.20513250	0.00026299
445.31902554	-0.00087966
445.43292351	0.00012696
445.54682640	0.00034461
445.66073422	-0.00044436
445.77464696	0.00069829
445.88856461	0.00020858
446.00248719	0.00007255
446.11641468	-0.00090686
446.23034709	-0.00240319
446.34428440	-0.00066201
446.45822663	-0.00085245
446.57217377	0.00069829
446.68612582	-0.00120613
446.80008277	-0.00117892
446.91404463	-0.00134216
447.02801138	0.00102476
447.14198304	-0.00066201
447.25595960	0.00042623
447.36994105	-0.00218554
447.48392740	-0.00049878
447.59791864	-0.00150540
447.71191477	-0.00115172
447.82591579	-0.00115172
447.93992170	-0.00128775
448.05393249	-0.00068922
448.16794817	-0.00087966
448.28196873	-0.00041716
448.39599417	-0.00093407
448.51002449	-0.00196790
448.62405968	0.00170491
448.73809975	-0.00011789
448.85214469	0.00012696
448.96619451	-0.00098848
449.08024919	-0.00060760
449.19430875	-0.00215834
449.30837316	0.00064387
449.42244244	-0.00052598
449.53651659	-0.00055319
449.65059559	-0.00066201
449.76467946	-0.00022672
449.87876818	-0.00245760
449.99286175	-0.00060760
450.10696018	-0.00077084
450.22106346	-0.00006348
450.33517159	-0.00131495
450.44928457	-0.00055319
450.56340239	-0.00202231
450.67752506	0.00031740
450.79165257	-0.00128775
450.90578492	-0.00006348
451.01992211	-0.00017230
451.13406414	-0.00087966
451.24821100	-0.00058039
451.36236270	-0.00060760
451.47651922	-0.00101569
451.59068058	-0.00049878
451.70484677	-0.00207672
451.81901778	-0.00123334
451.93319362	-0.00112451
452.04737428	-0.00087966
452.16155976	-0.00172304
452.27575006	-0.00047157
452.38994517	-0.00036275
452.50414510	0.00058946
452.61834985	-0.00136937
452.73255941	0.00058946
452.84677378	-0.00158701
452.96099295	0.00148726
453.07521693	-0.00221275
453.18944572	-0.00134216
453.30367931	-0.00202231
453.41791770	-0.00107010
453.53216089	-0.00180466
453.64640888	-0.00000907
453.76066167	-0.00145098
453.87491924	-0.00153260
453.98918161	0.00048064
454.10344877	0.00012696
454.21772072	-0.00191349
454.33199746	0.00048064
454.44627898	-0.00055319
454.56056528	-0.00194069
454.67485637	0.00031740
454.78915223	-0.00030833
454.90345287	0.00088873
455.01775829	-0.00038995
455.13206848	-0.00194069
455.24638344	-0.00188628
455.36070318	-0.00158701
455.47502768	-0.00019951
455.58935695	-0.00155981
455.70369099	-0.00000907
455.81802979	-0.00278408
455.93237335	0.00023578
456.04672167	0.00194976
456.16107474	0.00042623
456.27543258	-0.00058039
456.38979517	0.00056226
456.50416251	-0.00158701
456.61853460	0.00056226
456.73291144	-0.00096128
456.84729302	-0.00060760
456.96167936	-0.00036275
457.07607043	-0.00011789
457.19046625	-0.00063481
457.30486681	0.00045343
457.41927210	-0.00180466
457.53368214	-0.00030833
457.64809690	-0.00177746
457.76251640	0.00048064
457.87694063	-0.00006348
457.99136959	-0.00085245
458.10580328	-0.00038995
458.22024169	0.00241226
458.33468482	0.00102476
458.44913268	0.00186814
458.56358526	-0.00272966
458.67804256	-0.00077084
458.79250457	-0.00164143
458.90697130	-0.00117892
459.02144274	-0.00079804
459.13591889	-0.00055319
459.25039975	-0.00210393
459.36488531	0.00064387
459.47937559	0.00072549
459.59387057	-0.00006348
459.70837025	-0.00139657
459.82287462	0.00075270
459.93738370	-0.00055319
460.05189748	-0.00033554
460.16641595	-0.00011789
460.28093911	-0.00128775
460.39546697	-0.00139657
460.50999951	-0.00294731
460.62453674	0.00069829
460.73907866	-0.00199510
460.85362526	0.00107917
460.96817654	-0.00142378
461.08273251	-0.00003627
461.19729315	-0.00038995
461.31185847	-0.00109731
461.42642846	-0.00142378
461.54100313	0.00113358
461.65558247	-0.00153260
461.77016648	0.00200417
461.88475516	-0.00169584
461.99934850	0.00023578
462.11394651	-0.00172304
462.22854918	-0.00063481
462.34315651	0.00012696
462.45776850	0.00058946
462.57238515	-0.00232157
462.68700645	-0.00136937
462.80163240	-0.00194069
462.91626301	0.00083432
463.03089827	0.00015417
463.14553817	-0.00033554
463.26018273	-0.00136937
463.37483192	-0.00028113
463.48948576	-0.00052598
463.60414424	-0.00028113
463.71880736	-0.00074363
463.83347511	-0.00022672
463.94814751	-0.00038995
464.06282453	0.00007255
464.17750619	-0.00275687
464.29219247	-0.00058039
464.40688339	-0.00292011
464.52157893	-0.00169584
464.63627910	-0.00009069
464.75098389	0.00031740
464.86569330	-0.00041716
464.98040733	0.00099755
465.09512597	-0.00134216
465.20984924	0.00020858
465.32457711	0.00135123
465.43930960	0.00118799
465.55404670	-0.00063481
465.66878841	0.00042623
465.78353472	-0.00074363
465.89828564	0.00012696
466.01304117	-0.00278408
466.12780129	-0.00000907
466.24256601	-0.00166863
466.35733533	-0.00049878
466.47210925	-0.00079804
466.58688776	-0.00142378
466.70167086	-0.00109731
466.81645856	0.00061667
466.93125084	-0.00063481
467.04604771	0.00135123
467.16084916	-0.00158701
467.27565520	0.00086152
467.39046582	0.00004534
467.50528102	-0.00066201
467.62010079	-0.00079804
467.73492515	-0.00017230
467.84975407	-0.00248481
467.96458757	-0.00101569
468.07942564	-0.00011789
468.19426828	0.00031740
468.30911549	-0.00145098
468.42396726	-0.00213113
468.53882359	-0.00136937
468.65368449	-0.00169584
468.76854994	0.00012696
468.88341996	-0.00025392
468.99829453	-0.00033554
469.11317365	0.00050784
469.22805733	0.00026299
469.34294556	0.00080711
469.45783834	-0.00194069
469.57273566	-0.00104289
469.68763753	-0.00077084
469.80254395	-0.00019951
469.91745490	-0.00126054
470.03237040	-0.00009069
470.14729043	-0.00104289
470.26221500	-0.00101569
470.37714411	-0.00060760
470.49207775	0.00077990
470.60701592	-0.00006348
470.72195862	0.00064387
470.83690584	0.00029020
470.95185759	0.00031740
471.06681387	-0.00047157
471.18177467	-0.00071642
471.29673998	-0.00115172
471.41170982	-0.00196790
471.52668417	-0.00232157
471.64166304	-0.00003627
471.75664642	-0.00074363
471.87163432	0.00015417
471.98662672	-0.00087966
472.10162363	0.00012696
472.21662504	-0.00101569
472.33163096	0.00039902
472.44664138	-0.00177746
472.56165631	-0.00063481
472.67667573	-0.00003627
472.79169965	0.00075270
472.90672806	-0.00117892
473.02176096	-0.00164143
473.13679836	-0.00079804
473.25184025	0.00050784
473.36688662	-0.00019951
473.48193749	-0.00123334
473.59699283	-0.00204951
473.71205266	-0.00131495
473.82711697	-0.00123334
473.94218575	-0.00071642
474.05725902	-0.00123334
474.17233676	-0.00055319
474.28741897	-0.00093407
474.40250566	0.00012696
474.51759681	0.00056226
474.63269244	0.00107917
474.74779252	-0.00161422
474.86289708	0.00034461
474.97800609	0.00004534
475.09311957	-0.00038995
475.20823751	-0.00104289
475.32335990	-0.00098848
475.43848675	-0.00098848
475.55361805	-0.00234878
475.66875381	-0.00131495
475.78389401	0.00048064
475.89903866	0.00015417
476.01418776	0.00097035
476.12934131	-0.00199510
476.24449929	-0.00082525
476.35966172	-0.00199510
476.47482859	0.00197697
476.58999989	-0.00074363
476.70517563	0.00004534
476.82035581	-0.00019951
476.93554042	0.00064387
477.05072945	-0.00433481
477.16592292	-0.00044436
477.28112081	-0.00096128
477.39632312	-0.00191349
477.51152986	-0.00117892
477.62674103	0.00099755
477.74195661	0.00034461
477.85717660	0.00029020
477.97240102	-0.00052598
478.08762985	-0.00028113
478.20286309	0.00080711
478.31810074	0.00001814
478.43334280	0.00056226
478.54858926	0.00118799
478.66384013	-0.00207672
478.77909541	-0.00068922
478.89435508	-0.00077084
479.00961916	-0.00161422
479.12488763	-0.00240319
479.24016050	0.00018137
479.35543777	-0.00093407
479.47071942	-0.00009069
479.58600547	0.00001814
479.70129590	0.00015417
479.81659073	-0.00188628
479.93188994	0.00034461
480.04719353	0.00039902
480.16250150	-0.00044436
480.27781385	-0.00136937
480.39313058	-0.00093407
480.50845169	-0.00082525
480.62377717	0.00009976
480.73910703	-0.00077084
480.85444125	-0.00087966
480.96977985	-0.00136937
481.08512281	-0.00049878
481.20047014	-0.00234878
481.31582183	-0.00014510
481.43117788	-0.00166863
481.54653829	-0.00068922
481.66190306	0.00001814
481.77727219	0.00077990
481.89264567	-0.00085245
482.00802351	-0.00134216
482.12340569	-0.00025392
482.23879223	0.00015417
482.35418311	0.00107917
482.46957834	0.00009976
482.58497791	-0.00123334
482.70038183	-0.00147819
482.81579008	-0.00302893
482.93120268	-0.00055319
483.04661961	-0.00262084
483.16204087	-0.00082525
483.27746647	-0.00060760
483.39289640	0.00004534
483.50833065	-0.00093407
483.62376924	0.00012696
483.73921215	-0.00117892
483.85465939	0.00094314
483.97011095	-0.00052598
484.08556682	-0.00055319
484.20102702	-0.00107010
484.31649154	-0.00028113
484.43196037	-0.00169584
484.54743351	-0.00087966
484.66291096	0.00064387
484.77839273	-0.00098848
484.89387880	-0.00215834
485.00936917	-0.00164143
485.12486386	-0.00240319
485.24036284	-0.00066201
485.35586612	-0.00000907
485.47137371	0.00031740
485.58688559	0.00001814
485.70240177	0.00020858
485.81792223	-0.00172304
485.93344700	-0.00044436
486.04897605	0.00069829
486.16450939	-0.00041716
486.28004701	-0.00093407
486.39558892	-0.00063481
486.51113511	-0.00093407
486.62668559	0.00001814
486.74224034	-0.00109731
486.85779937	0.00075270
486.97336267	-0.00087966
487.08893025	0.00023578
487.20450210	-0.00009069
487.32007822	0.00061667
487.43565861	-0.00221275
487.55124327	0.00053505
487.66683219	-0.00096128
487.78242537	0.00009976
487.89802281	-0.00109731
488.01362452	-0.00022672
488.12923048	-0.00139657
488.24484069	0.00132402
488.36045516	-0.00191349
488.47607388	-0.00079804
488.59169686	-0.00161422
488.70732408	0.00020858
488.82295554	-0.00066201
488.93859126	0.00007255
489.05423121	-0.00014510
489.16987541	-0.00071642
489.28552384	-0.00098848
489.40117652	0.00031740
489.51683343	-0.00052598
489.63249457	-0.00033554
489.74815995	-0.00166863
489.86382955	-0.00194069
489.97950339	-0.00145098
490.09518145	-0.00237599
490.21086374	0.00026299
490.32655025	-0.00237599
490.44224098	-0.00093407
490.55793593	-0.00025392
490.67363510	0.00020858
490.78933848	0.00009976
490.90504608	0.00121520
491.02075789	0.00015417
491.13647391	0.00121520
491.25219415	-0.00071642
491.36791858	0.00050784
491.48364723	-0.00150540
491.59938007	-0.00033554
491.71511712	-0.00145098
491.83085837	-0.00000907
491.94660382	-0.00251202
492.06235346	-0.00145098
492.17810730	0.00031740
492.29386533	0.00146005
492.40962755	0.00026299
492.52539396	0.00039902
492.64116455	-0.00126054
492.75693934	0.00080711
492.87271830	-0.00077084
492.98850145	0.00077990
493.10428878	-0.00101569
493.22008028	-0.00028113
493.33587597	-0.00175025
493.45167582	-0.00074363
493.56747985	-0.00006348
493.68328805	-0.00134216
493.79910042	-0.00199510
493.91491696	0.00048064
494.03073767	-0.00011789
494.14656253	0.00053505
494.26239156	-0.00052598
494.37822475	-0.00025392
494.49406210	0.00099755
494.60990360	-0.00022672
494.72574926	-0.00055319
494.84159908	-0.00087966
494.95745304	-0.00161422
495.07331115	-0.00175025
495.18917341	-0.00166863
495.30503982	-0.00123334
495.42091037	-0.00145098
495.53678506	-0.00098848
495.65266390	-0.00139657
495.76854687	0.00042623
495.88443398	0.00067108
496.00032522	-0.00052598
496.11622060	-0.00139657
496.23212011	0.00034461
496.34802375	0.00023578
496.46393151	-0.00047157
496.57984340	0.00107917
496.69575942	0.00009976
496.81167956	-0.00123334
496.92760382	-0.00011789
497.04353220	-0.00055319
497.15946469	-0.00147819
497.27540130	-0.00145098
497.39134203	-0.00009069
497.50728686	-0.00232157
497.62323581	-0.00011789
497.73918886	0.00034461
497.85514602	-0.00079804
497.97110728	-0.00000907
498.08707265	0.00197697
498.20304212	-0.00019951
498.31901568	0.00029020
498.43499335	-0.00014510
498.55097511	0.00023578
498.66696096	-0.00104289
498.78295090	0.00083432
498.89894494	-0.00079804
499.01494306	-0.00136937
499.13094527	-0.00033554
499.24695157	-0.00215834
499.36296194	-0.00177746
499.47897640	-0.00047157
499.59499494	-0.00014510
499.71101755	0.00105196
499.82704424	-0.00093407
499.94307501	-0.00049878
500.05910984	-0.00019951
500.17514875	-0.00017230
500.29119172	0.00099755
500.40723877	0.00124241
500.52328987	-0.00090686
500.63934504	-0.00090686
500.75540427	-0.00204951
500.87146756	-0.00150540
500.98753491	-0.00134216
501.10360631	-0.00047157
501.21968177	-0.00202231
501.33576128	-0.00030833
501.45184484	-0.00112451
501.56793245	-0.00177746
501.68402410	0.00029020
501.80011980	-0.00038995
501.91621955	-0.00074363
502.03232333	0.00064387
502.14843116	-0.00142378
502.26454302	-0.00028113
502.38065892	-0.00085245
502.49677885	0.00077990
502.61290282	-0.00153260
502.72903081	0.00146005
502.84516284	-0.00107010
502.96129889	-0.00006348
503.07743897	-0.00139657
503.19358307	-0.00055319
503.30973119	-0.00033554
503.42588333	0.00094314
503.54203949	-0.00030833
503.65819967	-0.00017230
503.77436386	-0.00090686
503.89053206	-0.00017230
504.00670428	-0.00011789
504.12288050	-0.00060760
504.23906073	-0.00142378
504.35524496	-0.00183187
504.47143320	-0.00077084
504.58762545	-0.00041716
504.70382169	-0.00093407
504.82002193	-0.00028113
504.93622616	-0.00098848
505.05243439	-0.00028113
505.16864662	-0.00180466
505.28486283	0.00012696
505.40108303	-0.00161422
505.51730722	0.00249388
505.63353540	-0.00066201
505.74976756	-0.00000907
505.86600370	0.00110638
505.98224383	-0.00019951
506.09848793	-0.00068922
506.21473601	-0.00196790
506.33098806	-0.00036275
506.44724408	-0.00009069
506.56350408	-0.00213113
506.67976805	-0.00055319
506.79603598	-0.00202231
506.91230788	-0.00049878
507.02858374	-0.00142378
507.14486357	-0.00044436
507.26114736	0.00007255
507.37743510	-0.00052598
507.49372680	-0.00049878
507.61002246	0.00064387
507.72632207	-0.00096128
507.84262563	0.00031740
507.95893314	-0.00112451
508.07524460	-0.00049878
508.19156001	-0.00117892
508.30787936	-0.00030833
508.42420265	-0.00153260
508.54052988	0.00026299
508.65686105	-0.00172304
508.77319616	0.00154167
508.88953520	-0.00068922
509.00587818	0.00018137
509.12222509	-0.00134216
509.23857593	0.00124241
509.35493069	-0.00000907
509.47128938	0.00048064
509.58765200	-0.00126054
509.70401854	0.00015417
509.82038900	-0.00049878
509.93676338	-0.00096128
510.05314168	-0.00267525
510.16952389	-0.00019951
510.28591001	-0.00185907
510.40230005	-0.00221275
510.51869400	-0.00019951
510.63509185	-0.00025392
510.75149362	-0.00063481
510.86789928	0.00015417
510.98430885	-0.00044436
511.10072232	0.00026299
511.21713969	-0.00090686
511.33356096	0.00064387
511.44998612	-0.00011789
511.56641518	-0.00077084
511.68284813	-0.00145098
511.79928497	-0.00019951
511.91572569	-0.00234878
512.03217031	0.00048064
512.14861880	-0.00175025
512.26507119	-0.00251202
512.38152745	-0.00090686
512.49798759	-0.00058039
512.61445161	0.00009976
512.73091951	0.00126961
512.84739128	-0.00033554
512.96386692	-0.00044436
513.08034643	0.00001814
513.19682981	-0.00000907
513.31331706	0.00056226
513.42980817	-0.00006348
513.54630315	0.00009976
513.66280199	-0.00063481
513.77930468	-0.00093407
513.89581124	-0.00155981
514.01232165	-0.00272966
514.12883591	-0.00153260
514.24535403	-0.00253922
514.36187600	-0.00025392
514.47840182	-0.00104289
514.59493148	0.00080711
514.71146499	-0.00123334
514.82800234	0.00056226
514.94454353	-0.00153260
515.06108857	-0.00030833
515.17763744	-0.00115172
515.29419015	0.00061667
515.41074669	-0.00115172
515.52730707	-0.00107010
515.64387127	-0.00155981
515.76043931	-0.00180466
515.87701117	-0.00030833
515.99358686	0.00020858
516.11016637	-0.00017230
516.22674970	0.00097035
516.34333685	0.00018137
516.45992783	0.00045343
516.57652261	-0.00017230
516.69312122	0.00091593
516.80972363	-0.00104289
516.92632986	0.00009976
517.04293989	-0.00074363
517.15955373	-0.00077084
517.27617138	-0.00036275
517.39279283	-0.00120613
517.50941809	-0.00357305
517.62604714	-0.00052598
517.74268000	-0.00058039
517.85931665	-0.00243040
517.97595709	-0.00014510
518.09260133	0.00045343
518.20924935	-0.00155981
518.32590117	0.00042623
518.44255678	0.00056226
518.55921617	-0.00052598
518.67587934	-0.00041716
518.79254630	0.00045343
518.90921704	-0.00003627
519.02589156	-0.00077084
519.14256985	-0.00335540
519.25925192	-0.00052598
519.37593776	-0.00188628
519.49262737	-0.00292011
519.60932075	0.00116079
519.72601790	-0.00068922
519.84271882	0.00023578
519.95942350	-0.00058039
520.07613194	0.00075270
520.19284415	-0.00036275
520.30956011	0.00135123
520.42627983	-0.00096128
520.54300330	0.00094314
520.65973053	0.00072549
520.77646151	0.00048064
520.89319624	-0.00014510
521.00993472	-0.00172304
521.12667694	-0.00120613
521.24342291	-0.00101569
521.36017262	-0.00131495
521.47692607	-0.00025392
521.59368326	-0.00115172
521.71044419	-0.00044436
521.82720885	-0.00161422
521.94397725	-0.00104289
522.06074937	-0.00006348
522.17752523	-0.00009069
522.29430482	0.00056226
522.41108813	0.00075270
522.52787517	-0.00077084
522.64466593	0.00146005
522.76146041	-0.00090686
522.87825861	0.00026299
522.99506053	-0.00134216
523.11186616	-0.00063481
523.22867551	-0.00232157
523.34548857	0.00031740
523.46230534	-0.00161422
523.57912582	0.00045343
523.69595000	-0.00071642
523.81277789	-0.00085245
523.92960948	-0.00041716
524.04644478	-0.00006348
524.16328377	0.00099755
524.28012646	-0.00030833
524.39697285	-0.00028113
524.51382293	-0.00066201
524.63067670	-0.00058039
524.74753416	-0.00153260
524.86439531	-0.00191349
524.98126015	-0.00161422
525.09812867	-0.00161422
525.21500088	-0.00025392
525.33187677	-0.00003627
525.44875634	0.00105196
525.56563958	-0.00041716
525.68252650	-0.00033554
525.79941710	-0.00074363
525.91631137	0.00097035
526.03320930	0.00012696
526.15011091	0.00048064
526.26701619	0.00050784
526.38392513	-0.00022672
526.50083773	-0.00055319
526.61775399	-0.00210393
526.73467392	-0.00131495
526.85159750	-0.00047157
526.96852474	-0.00052598
527.08545563	-0.00134216
527.20239018	-0.00112451
527.31932837	-0.00028113
527.43627022	-0.00055319
527.55321571	0.00042623
527.67016485	-0.00068922
527.78711763	-0.00044436
527.90407405	-0.00041716
528.02103411	0.00009976
528.13799782	-0.00066201
528.25496515	0.00107917
528.37193613	-0.00166863
528.48891073	-0.00003627
528.60588897	-0.00177746
528.72287083	-0.00153260
528.83985633	-0.00147819
528.95684544	-0.00120613
529.07383819	-0.00207672
529.19083455	-0.00022672
529.30783453	-0.00109731
529.42483814	0.00113358
529.54184536	0.00034461
529.65885619	0.00048064
529.77587064	0.00034461
529.89288869	0.00243947
530.00991036	0.00110638
530.12693564	0.00140564
530.24396452	-0.00155981
530.36099700	-0.00117892
530.47803309	-0.00117892
530.59507278	-0.00109731
530.71211606	-0.00123334
530.82916295	-0.00011789
530.94621342	-0.00085245
531.06326750	-0.00147819
531.18032516	-0.00128775
531.29738641	0.00007255
531.41445125	-0.00123334
531.53151968	0.00235785
531.64859169	-0.00014510
531.76566728	-0.00049878
531.88274645	0.00080711
531.99982920	0.00026299
532.11691553	-0.00079804
532.23400544	0.00045343
532.35109891	-0.00139657
532.46819596	-0.00079804
532.58529658	-0.00087966
532.70240077	-0.00262084
532.81950852	-0.00264805
532.93661984	-0.00079804
533.05373472	-0.00036275
533.17085316	0.00050784
533.28797516	-0.00096128
533.40510071	-0.00107010
533.52222983	-0.00055319
533.63936249	0.00042623
533.75649871	-0.00044436
533.87363848	0.00064387
533.99078179	-0.00052598
534.10792866	0.00192255
534.22507906	-0.00196790
534.34223301	-0.00207672
534.45939050	-0.00311055
534.57655153	0.00097035
534.69371610	-0.00052598
534.81088420	-0.00117892
534.92805584	-0.00131495
535.04523101	-0.00003627
535.16240971	-0.00047157
535.27959193	-0.00009069
535.39677769	0.00012696
535.51396696	0.00148726
535.63115977	0.00058946
535.74835609	0.00205858
535.86555593	-0.00055319
535.98275929	-0.00096128
536.09996616	-0.00134216
536.21717655	-0.00074363
536.33439046	-0.00082525
536.45160787	-0.00085245
536.56882879	-0.00142378
536.68605321	-0.00180466
536.80328115	-0.00033554
536.92051258	0.00026299
537.03774752	-0.00126054
537.15498595	0.00262991
537.27222789	-0.00158701
537.38947332	-0.00011789
537.50672224	0.00162329
537.62397466	-0.00066201
537.74123057	-0.00308334
537.85848996	0.00056226
537.97575285	-0.00153260
538.09301921	-0.00085245
538.21028907	-0.00253922
538.32756240	-0.00204951
538.44483921	-0.00166863
538.56211950	0.00029020
538.67940327	-0.00112451
538.79669051	-0.00134216
538.91398122	0.00029020
539.03127541	0.00031740
539.14857306	0.00091593
539.26587418	0.00004534
539.38317877	0.00031740
539.50048682	-0.00022672
539.61779833	-0.00087966
539.73511330	-0.00044436
539.85243173	-0.00150540
539.96975362	-0.00136937
540.08707896	-0.00003627
540.20440775	-0.00022672
540.32174000	-0.00058039
540.43907569	-0.00126054
540.55641483	-0.00019951
540.67375742	0.00091593
540.79110345	0.00001814
540.90845292	0.00020858
541.02580583	0.00020858
541.14316218	0.00262991
541.26052197	-0.00011789
541.37788519	-0.00079804
541.49525185	-0.00093407
541.61262194	-0.00180466
541.72999545	0.00031740
541.84737239	-0.00166863
541.96475276	-0.00096128
542.08213656	-0.00017230
542.19952377	-0.00267525
542.31691441	0.00069829
542.43430846	-0.00000907
542.55170593	-0.00014510
542.66910682	-0.00044436
542.78651112	-0.00003627
542.90391883	-0.00049878
543.02132995	0.00029020
543.13874448	0.00099755
543.25616241	0.00058946
543.37358375	-0.00161422
543.49100849	0.00058946
543.60843663	-0.00169584
543.72586817	-0.00202231
543.84330311	-0.00055319
543.96074144	-0.00101569
544.07818316	-0.00107010
544.19562828	0.00058946
544.31307679	-0.00079804
544.43052868	0.00048064
544.54798396	0.00045343
544.66544263	-0.00063481
544.78290467	-0.00058039
544.90037010	-0.00175025
545.01783891	0.00097035
545.13531109	0.00023578
545.25278665	-0.00060760
545.37026559	0.00018137
545.48774789	-0.00017230
545.60523357	-0.00104289
545.72272261	-0.00107010
545.84021502	-0.00142378
545.95771079	-0.00136937
546.07520993	-0.00022672
546.19271243	-0.00058039
546.31021829	0.00015417
546.42772750	-0.00041716
546.54524007	0.00083432
546.66275600	0.00105196
546.78027527	-0.00014510
546.89779790	-0.00019951
547.01532387	0.00015417
547.13285319	-0.00139657
547.25038586	-0.00000907
547.36792187	-0.00047157
547.48546122	0.00012696
547.60300391	-0.00085245
547.72054993	0.00007255
547.83809930	-0.00033554
547.95565199	-0.00011789
548.07320802	0.00039902
548.19076738	-0.00030833
548.30833007	-0.00017230
548.42589608	0.00107917
548.54346542	-0.00033554
548.66103808	-0.00063481
548.77861407	0.00042623
548.89619337	-0.00164143
549.01377599	-0.00175025
549.13136193	-0.00044436
549.24895118	-0.00058039
549.36654374	-0.00030833
549.48413962	-0.00049878
549.60173880	-0.00025392
549.71934129	0.00170491
549.83694709	-0.00074363
549.95455619	0.00126961
550.07216859	0.00064387
550.18978428	-0.00033554
550.30740328	0.00069829
550.42502558	0.00048064
550.54265116	-0.00017230
550.66028005	-0.00011789
550.77791222	-0.00025392
550.89554768	0.00064387
551.01318643	-0.00180466
551.13082846	-0.00158701
551.24847378	-0.00259363
551.36612237	0.00067108
551.48377425	-0.00085245
551.60142941	-0.00066201
551.71908784	0.00064387
551.83674955	0.00124241
551.95441453	0.00061667
552.07208278	0.00102476
552.18975430	0.00026299
552.30742909	0.00050784
552.42510714	-0.00068922
552.54278846	0.00077990
552.66047304	-0.00128775
552.77816088	-0.00131495
552.89585197	-0.00147819
553.01354633	0.00048064
553.13124394	-0.00096128
553.24894480	-0.00096128
553.36664891	-0.00000907
553.48435627	0.00029020
553.60206688	0.00004534
553.71978074	0.00110638
553.83749784	-0.00172304
553.95521818	0.00105196
554.07294176	-0.00052598
554.19066858	-0.00117892
554.30839864	-0.00030833
554.42613193	-0.00022672
554.54386846	-0.00123334
554.66160822	-0.00063481
554.77935120	-0.00063481
554.89709742	-0.00204951
555.01484686	-0.00175025
555.13259952	-0.00028113
555.25035541	-0.00003627
555.36811451	0.00029020
555.48587684	-0.00107010
555.60364238	0.00080711
555.72141114	-0.00077084
555.83918311	0.00102476
555.95695829	-0.00202231
556.07473669	0.00067108
556.19251829	-0.00087966
556.31030309	0.00001814
556.42809111	-0.00164143
556.54588232	0.00121520
556.66367673	-0.00213113
556.78147435	-0.00055319
556.89927516	-0.00060760
557.01707916	0.00004534
557.13488636	-0.00115172
557.25269675	0.00001814
557.37051034	-0.00082525
557.48832711	0.00086152
557.60614706	0.00211300
557.72397020	0.00102476
557.84179652	-0.00000907
557.95962603	-0.00049878
558.07745871	-0.00077084
558.19529457	0.00167770
558.31313361	0.00018137
558.43097582	-0.00115172
558.54882120	-0.00221275
558.66666975	-0.00158701
558.78452147	-0.00090686
558.90237636	-0.00052598
559.02023441	-0.00101569
559.13809562	-0.00109731
559.25596000	-0.00185907
559.37382753	0.00094314
559.49169823	-0.00063481
559.60957207	0.00105196
559.72744908	-0.00139657
559.84532923	0.00086152
559.96321254	0.00080711
560.08109899	-0.00033554
560.19898859	-0.00207672
560.31688133	-0.00079804
560.43477722	-0.00297452
560.55267625	-0.00006348
560.67057842	-0.00164143
560.78848373	-0.00006348
560.90639217	-0.00117892
561.02430375	-0.00006348
561.14221845	-0.00060760
561.26013629	0.00189535
561.37805726	-0.00038995
561.49598136	0.00091593
561.61390858	-0.00126054
561.73183892	-0.00066201
561.84977239	0.00029020
561.96770897	-0.00066201
562.08564868	-0.00150540
562.20359150	-0.00055319
562.32153743	-0.00232157
562.43948648	-0.00033554
562.55743863	-0.00120613
562.67539390	-0.00164143
562.79335227	-0.00126054
562.91131375	-0.00028113
563.02927833	0.00072549
563.14724601	0.00069829
563.26521680	-0.00164143
563.38319068	0.00029020
563.50116766	-0.00022672
563.61914773	0.00086152
563.73713090	-0.00060760
563.85511715	-0.00096128
563.97310650	-0.00245760
564.09109893	-0.00090686
564.20909445	-0.00079804
564.32709305	0.00001814
564.44509473	-0.00066201
564.56309950	0.00105196
564.68110734	-0.00093407
564.79911826	-0.00079804
564.91713225	-0.00003627
565.03514932	0.00080711
565.15316946	-0.00155981
565.27119266	0.00088873
565.38921894	-0.00158701
565.50724828	-0.00009069
565.62528068	-0.00006348
565.74331615	-0.00115172
565.86135468	-0.00104289
565.97939626	0.00077990
566.09744090	-0.00202231
566.21548860	-0.00063481
566.33353935	-0.00033554
566.45159315	-0.00087966
566.56965000	-0.00068922
566.68770990	0.00026299
566.80577285	-0.00071642
566.92383884	-0.00041716
567.04190787	0.00075270
567.15997994	0.00113358
567.27805505	-0.00049878
567.39613320	0.00113358
567.51421438	0.00009976
567.63229860	-0.00066201
567.75038584	-0.00052598
567.86847612	0.00178652
567.98656943	-0.00085245
568.10466576	-0.00128775
568.22276511	-0.00063481
568.34086749	0.00165049
568.45897289	-0.00194069
568.57708131	-0.00041716
568.69519274	-0.00191349
568.81330719	-0.00112451
568.93142466	0.00091593
569.04954513	-0.00017230
569.16766862	-0.00223996
569.28579511	-0.00022672
569.40392461	-0.00052598
569.52205712	0.00075270
569.64019262	-0.00077084
569.75833113	-0.00017230
569.87647264	-0.00006348
569.99461714	-0.00038995
570.11276464	-0.00210393
570.23091514	-0.00166863
570.34906862	-0.00030833
570.46722510	0.00053505
570.58538456	-0.00172304
570.70354701	0.00069829
570.82171245	-0.00058039
570.93988087	-0.00063481
571.05805227	0.00126961
571.17622665	0.00118799
571.29440400	-0.00082525
571.41258433	-0.00019951
571.53076764	-0.00164143
571.64895392	-0.00038995
571.76714317	-0.00060760
571.88533538	-0.00055319
572.00353057	-0.00131495
572.12172872	0.00069829
572.23992983	0.00009976
572.35813390	0.00037181
572.47634094	0.00042623
572.59455093	0.00004534
572.71276387	0.00162329
572.83097977	-0.00009069
572.94919863	0.00001814
573.06742043	0.00048064
573.18564518	-0.00240319
573.30387288	-0.00063481
573.42210352	-0.00136937
573.54033711	-0.00131495
573.65857364	-0.00038995
573.77681311	-0.00090686
573.89505552	-0.00068922
574.01330086	0.00018137
574.13154914	-0.00101569
574.24980035	0.00083432
574.36805449	-0.00028113
574.48631156	0.00056226
574.60457155	-0.00033554
574.72283447	-0.00123334
574.84110032	-0.00232157
574.95936909	-0.00036275
575.07764077	0.00037181
575.19591538	0.00077990
575.31419290	-0.00199510
575.43247334	-0.00079804
575.55075669	-0.00126054
575.66904294	-0.00019951
575.78733211	0.00056226
575.90562419	-0.00120613
576.02391917	0.00056226
576.14221706	0.00113358
576.26051784	0.00050784
576.37882153	0.00129682
576.49712812	-0.00068922
576.61543760	-0.00082525
576.73374998	0.00072549
576.85206525	0.00045343
576.97038341	-0.00019951
577.08870446	-0.00017230
577.20702839	-0.00082525
577.32535522	-0.00074363
577.44368493	-0.00101569
577.56201752	0.00140564
577.68035299	-0.00131495
577.79869133	-0.00055319
577.91703256	-0.00096128
578.03537666	-0.00052598
578.15372363	-0.00150540
578.27207348	-0.00136937
578.39042619	0.00007255
578.50878177	-0.00131495
578.62714022	0.00064387
578.74550153	-0.00093407
578.86386571	-0.00068922
578.98223274	-0.00044436
579.10060263	-0.00025392
579.21897539	-0.00011789
579.33735099	-0.00112451
579.45572945	0.00105196
579.57411076	-0.00077084
579.69249492	-0.00036275
579.81088193	-0.00063481
579.92927178	0.00053505
580.04766448	0.00075270
580.16606002	-0.00011789
580.28445840	-0.00120613
580.40285962	-0.00147819
580.52126368	-0.00104289
580.63967057	0.00031740
580.75808030	-0.00107010
580.87649286	-0.00147819
580.99490825	-0.00128775
581.11332646	-0.00028113
581.23174751	0.00012696
581.35017137	-0.00147819
581.46859806	0.00086152
581.58702757	-0.00019951
581.70545990	0.00034461
581.82389505	0.00088873
581.94233301	0.00107917
582.06077379	-0.00126054
582.17921738	0.00037181
582.29766378	-0.00264805
582.41611298	0.00053505
582.53456500	-0.00003627
582.65301981	-0.00060760
582.77147743	-0.00117892
582.88993786	0.00069829
583.00840108	-0.00161422
583.12686710	0.00080711
583.24533591	0.00045343
583.36380752	-0.00009069
583.48228192	-0.00003627
583.60075911	-0.00019951
583.71923909	0.00050784
583.83772186	0.00037181
583.95620741	0.00012696
584.07469574	0.00058946
584.19318686	-0.00112451
584.31168075	-0.00058039
584.43017742	-0.00044436
584.54867687	-0.00014510
584.66717910	-0.00060760
584.78568409	-0.00044436
584.90419186	-0.00139657
585.02270239	-0.00049878
585.14121569	-0.00079804
585.25973176	0.00091593
585.37825059	0.00075270
585.49677218	0.00067108
585.61529653	-0.00041716
585.73382364	-0.00019951
585.85235350	-0.00101569
585.97088612	-0.00022672
586.08942149	-0.00185907
586.20795962	0.00124241
586.32650049	-0.00017230
586.44504411	-0.00052598
586.56359047	0.00015417
586.68213958	0.00088873
586.80069143	-0.00052598
586.91924601	0.00053505
587.03780334	-0.00000907
587.15636340	-0.00115172
587.27492620	-0.00150540
587.39349173	-0.00074363
587.51205999	-0.00000907
587.63063098	0.00088873
587.74920470	-0.00019951
587.86778115	0.00026299
587.98636031	-0.00093407
588.10494220	-0.00085245
588.22352681	-0.00098848
588.34211414	-0.00014510
588.46070418	-0.00077084
588.57929694	-0.00071642
588.69789241	-0.00153260
588.81649059	-0.00014510
588.93509149	-0.00052598
589.05369509	0.00026299
589.17230139	0.00083432
589.29091040	0.00135123
589.40952211	0.00012696
589.52813652	0.00118799
589.64675363	-0.00028113
589.76537344	0.00129682
589.88399594	-0.00025392
590.00262113	-0.00068922
590.12124902	-0.00036275
590.23987960	-0.00093407
590.35851286	-0.00090686
590.47714881	-0.00068922
590.59578744	-0.00155981
590.71442876	-0.00145098
590.83307275	-0.00036275
590.95171943	0.00069829
591.07036878	-0.00107010
591.18902081	0.00020858
591.30767551	-0.00060760
591.42633288	0.00113358
591.54499292	0.00026299
591.66365563	-0.00044436
591.78232100	0.00009976
591.90098904	-0.00038995
592.01965974	-0.00164143
592.13833311	-0.00123334
592.25700913	-0.00294731
592.37568781	-0.00120613
592.49436914	-0.00068922
592.61305313	0.00023578
592.73173977	-0.00052598
592.85042906	0.00045343
592.96912099	-0.00101569
593.08781558	-0.00028113
593.20651281	-0.00096128
593.32521268	0.00086152
593.44391519	-0.00218554
593.56262034	0.00012696
593.68132813	-0.00044436
593.80003855	-0.00028113
593.91875161	-0.00253922
594.03746730	-0.00098848
594.15618562	-0.00063481
594.27490656	-0.00022672
594.39363014	-0.00145098
594.51235634	0.00020858
594.63108516	-0.00101569
594.74981660	0.00069829
594.86855066	0.00075270
594.98728734	0.00053505
595.10602664	-0.00090686
595.22476855	-0.00090686
595.34351307	-0.00058039
595.46226020	0.00184094
595.58100994	-0.00101569
595.69976229	0.00072549
595.81851724	-0.00139657
595.93727479	-0.00011789
596.05603495	-0.00147819
596.17479770	0.00121520
596.29356306	-0.00164143
596.41233101	0.00140564
596.53110155	-0.00068922
596.64987468	0.00170491
596.76865041	-0.00109731
596.88742873	0.00009976
597.00620963	-0.00000907
597.12499311	-0.00033554
597.24377918	-0.00115172
597.36256784	0.00113358
597.48135907	-0.00161422
597.60015288	-0.00066201
597.71894926	-0.00060760
597.83774822	-0.00120613
597.95654975	-0.00117892
598.07535385	-0.00041716
598.19416053	-0.00079804
598.31296976	-0.00155981
598.43178157	-0.00213113
598.55059594	0.00007255
598.66941287	0.00037181
598.78823235	-0.00058039
598.90705440	-0.00139657
599.02587900	-0.00134216
599.14470616	-0.00096128
599.26353587	-0.00011789
599.38236813	-0.00096128
599.50120295	-0.00066201
599.62004030	0.00029020
599.73888021	-0.00096128
599.85772265	-0.00074363
599.97656764	0.00009976
600.09541517	-0.00101569
600.21426524	0.00129682
600.33311784	-0.00136937
600.45197298	-0.00145098
600.57083065	0.00004534
600.68969085	-0.00011789
600.80855359	-0.00158701
600.92741885	0.00048064
601.04628663	-0.00058039
601.16515694	0.00026299
601.28402977	-0.00155981
601.40290512	-0.00019951
601.52178299	-0.00036275
601.64066338	-0.00017230
601.75954628	-0.00085245
601.87843169	-0.00115172
601.99731962	-0.00041716
602.11621005	0.00034461
602.23510300	-0.00087966
602.35399845	-0.00041716
602.47289640	-0.00123334
602.59179685	0.00216741
602.71069981	0.00091593
602.82960526	0.00121520
602.94851321	0.00026299
603.06742366	0.00037181
603.18633660	-0.00188628
603.30525203	0.00001814
603.42416995	-0.00107010
603.54309036	0.00004534
603.66201326	-0.00196790
603.78093863	-0.00172304
603.89986650	-0.00115172
604.01879684	0.00037181
604.13772966	-0.00169584
604.25666496	-0.00000907
604.37560273	-0.00259363
604.49454298	-0.00000907
604.61348570	-0.00131495
604.73243088	0.00077990
604.85137854	-0.00164143
604.97032866	-0.00011789
605.08928125	-0.00107010
605.20823630	-0.00221275
605.32719381	-0.00248481
605.44615378	-0.00060760
605.56511621	-0.00077084
605.68408109	-0.00150540
605.80304843	-0.00237599
605.92201822	0.00031740
606.04099045	-0.00090686
606.15996514	0.00075270
606.27894227	0.00050784
606.39792185	0.00118799
606.51690387	-0.00131495
606.63588834	0.00099755
606.75487524	-0.00017230
606.87386457	-0.00011789
606.99285635	-0.00098848
607.11185056	-0.00098848
607.23084720	-0.00134216
607.34984627	-0.00009069
607.46884777	-0.00044436
607.58785169	-0.00077084
607.70685804	-0.00117892
607.82586682	-0.00126054
607.94487801	0.00034461
608.06389163	0.00126961
608.18290766	-0.00123334
608.30192611	0.00107917
608.42094697	-0.00112451
608.53997024	-0.00017230
608.65899593	-0.00283849
608.77802402	-0.00060760
608.89705452	-0.00126054
609.01608743	-0.00270246
609.13512273	-0.00226716
609.25416044	-0.00079804
609.37320055	-0.00175025
609.49224306	-0.00022672
609.61128797	-0.00000907
609.73033526	-0.00028113
609.84938496	-0.00087966
609.96843704	0.00039902
610.08749151	-0.00036275
610.20654836	-0.00038995
610.32560761	-0.00030833
610.44466923	-0.00175025
610.56373324	-0.00047157
610.68279963	-0.00147819
610.80186839	-0.00090686
610.92093953	-0.00052598
611.04001305	-0.00000907
611.15908894	-0.00221275
611.27816720	-0.00019951
611.39724783	-0.00128775
611.51633083	0.00102476
611.63541619	-0.00098848
611.75450391	-0.00025392
611.87359400	-0.00028113
611.99268645	0.00083432
612.11178125	-0.00009069
612.23087841	-0.00033554
612.34997793	-0.00128775
612.46907980	0.00061667
612.58818402	-0.00150540
612.70729059	-0.00060760
612.82639951	-0.00155981
612.94551077	0.00140564
613.06462438	-0.00136937
613.18374033	-0.00066201
613.30285862	0.00026299
613.42197925	-0.00011789
613.54110221	-0.00041716
613.66022751	-0.00006348
613.77935514	-0.00180466
613.89848511	-0.00017230
614.01761740	-0.00063481
614.13675202	-0.00117892
614.25588897	-0.00028113
614.37502824	-0.00003627
614.49416983	-0.00155981
614.61331374	-0.00123334
614.73245998	-0.00251202
614.85160853	-0.00096128
614.97075939	-0.00060760
615.08991257	0.00056226
615.20906806	-0.00117892
615.32822585	0.00072549
615.44738596	-0.00123334
615.56654837	0.00083432
615.68571309	0.00067108
615.80488011	-0.00006348
615.92404943	-0.00120613
616.04322105	-0.00030833
616.16239496	-0.00036275
616.28157117	0.00088873
616.40074968	-0.00153260
616.51993048	-0.00300172
616.63911356	-0.00161422
616.75829894	-0.00134216
616.87748660	-0.00044436
616.99667654	-0.00033554
617.11586877	-0.00082525
617.23506328	0.00143285
617.35426007	-0.00025392
617.47345913	0.00012696
617.59266047	-0.00096128
617.71186408	0.00135123
617.83106997	0.00009976
617.95027813	-0.00126054
618.06948855	0.00083432
618.18870124	0.00007255
618.30791620	-0.00158701
618.42713341	-0.00172304
618.54635289	-0.00120613
618.66557463	0.00099755
618.78479863	-0.00074363
618.90402488	0.00029020
619.02325338	-0.00161422
619.14248414	0.00020858
619.26171715	-0.00145098
619.38095241	-0.00047157
619.50018991	-0.00098848
619.61942966	0.00029020
619.73867165	0.00004534
619.85791588	0.00186814
619.97716235	-0.00000907
620.09641106	-0.00098848
620.21566201	0.00042623
620.33491519	-0.00175025
620.45417060	-0.00085245
620.57342824	-0.00014510
620.69268811	-0.00104289
620.81195021	-0.00049878
620.93121453	0.00154167
621.05048108	-0.00060760
621.16974984	-0.00134216
621.28902083	0.00216741
621.40829403	-0.00068922
621.52756945	0.00088873
621.64684709	-0.00117892
621.76612694	-0.00115172
621.88540900	-0.00104289
622.00469326	-0.00153260
622.12397974	-0.00175025
622.24326842	0.00015417
622.36255930	-0.00104289
622.48185238	0.00064387
622.60114767	-0.00229437
622.72044515	0.00023578
622.83974483	-0.00136937
622.95904670	-0.00068922
623.07835077	0.00034461
623.19765702	-0.00177746
623.31696547	0.00009976
623.43627610	0.00118799
623.55558892	-0.00082525
623.67490392	0.00012696
623.79422111	-0.00243040
623.91354047	-0.00120613
624.03286201	-0.00330099
624.15218573	-0.00158701
624.27151163	-0.00169584
624.39083969	-0.00128775
624.51016993	-0.00028113
624.62950234	0.00001814
624.74883691	-0.00109731
624.86817365	0.00216741
624.98751255	-0.00014510
625.10685362	0.00102476
625.22619684	0.00001814
625.34554223	0.00061667
625.46488977	-0.00085245
625.58423947	0.00009976
625.70359131	-0.00158701
625.82294532	-0.00142378
625.94230146	-0.00229437
626.06165976	-0.00112451
626.18102020	-0.00204951
626.30038279	0.00020858
626.41974752	-0.00172304
626.53911439	-0.00060760
626.65848340	-0.00025392
626.77785455	0.00031740
626.89722783	-0.00207672
627.01660324	0.00186814
627.13598078	-0.00066201
627.25536046	0.00042623
627.37474226	-0.00128775
627.49412619	-0.00000907
627.61351224	-0.00232157
627.73290042	0.00009976
627.85229072	-0.00112451
627.97168313	0.00077990
628.09107766	-0.00248481
628.21047431	-0.00104289
628.32987307	-0.00207672
628.44927394	-0.00063481
628.56867692	-0.00128775
628.68808201	0.00037181
628.80748921	-0.00104289
628.92689851	0.00102476
629.04630992	0.00004534
629.16572342	0.00042623
629.28513902	-0.00098848
629.40455672	0.00080711
629.52397652	-0.00262084
629.64339841	0.00067108
629.76282239	-0.00096128
629.88224846	-0.00085245
630.00167662	-0.00253922
630.12110687	0.00045343
630.24053920	-0.00145098
630.35997361	0.00105196
630.47941011	-0.00000907
630.59884868	0.00004534
630.71828934	-0.00077084
630.83773206	0.00069829
630.95717686	-0.00063481
631.07662374	0.00015417
631.19607268	-0.00185907
631.31552369	-0.00155981
631.43497677	-0.00093407
631.55443192	0.00148726
631.67388912	-0.00096128
631.79334839	-0.00079804
631.91280972	-0.00207672
632.03227310	-0.00000907
632.15173854	-0.00052598
632.27120604	0.00031740
632.39067558	-0.00077084
632.51014718	0.00235785
632.62962083	0.01881745
632.74909652	0.06784257
632.86857426	0.08193525
632.98805404	0.05701460
633.10753586	0.04264986
633.22701972	0.02700644
633.34650562	0.01424685
633.46599356	0.00866963
633.58548353	0.00320123
633.70497553	0.00265711
633.82446957	0.00143285
633.94396563	0.00075270
634.06346372	0.00132402
634.18296383	0.00083432
634.30246597	0.00102476
634.42197013	0.00015417
634.54147631	0.00001814
634.66098451	0.00094314
634.78049472	-0.00085245
634.90000695	0.00102476
635.01952119	-0.00022672
635.13903744	-0.00055319
635.25855570	-0.00204951
635.37807597	-0.00107010
635.49759825	-0.00172304
635.61712252	0.00031740
635.73664880	-0.00150540
635.85617708	-0.00033554
635.97570736	-0.00112451
636.09523963	0.00083432
636.21477390	0.00053505
636.33431016	0.00156888
636.45384841	0.00031740
636.57338865	0.00116079
636.69293088	-0.00204951
636.81247510	-0.00066201
636.93202130	-0.00115172
637.05156948	-0.00022672
637.17111964	-0.00379070
637.29067178	0.00042623
637.41022589	-0.00003627
637.52978198	-0.00188628
637.64934005	0.00045343
637.76890008	-0.00047157
637.88846209	-0.00074363
638.00802606	0.00107917
638.12759200	0.00042623
638.24715990	-0.00052598
638.36672976	-0.00038995
638.48630159	0.00018137
638.60587537	-0.00038995
638.72545111	-0.00085245
638.84502880	0.00009976
638.96460845	-0.00155981
639.08419005	-0.00017230
639.20377360	0.00012696
639.32335910	-0.00030833
639.44294654	-0.00041716
639.56253593	-0.00164143
639.68212726	-0.00000907
639.80172053	-0.00112451
639.92131574	-0.00055319
640.04091289	-0.00079804
640.16051197	0.00026299
640.28011298	0.00001814
640.39971593	0.00107917
640.51932081	-0.00134216
640.63892761	0.00064387
640.75853634	-0.00115172
640.87814700	-0.00183187
640.99775957	0.00001814
641.11737407	-0.00161422
641.23699049	0.00056226
641.35660883	-0.00077084
641.47622908	0.00050784
641.59585124	-0.00093407
641.71547532	0.00124241
641.83510130	-0.00164143
641.95472920	-0.00063481
642.07435900	0.00124241
642.19399070	-0.00041716
642.31362431	-0.00019951
642.43325982	-0.00136937
642.55289723	-0.00139657
642.67253653	-0.00128775
642.79217773	-0.00316496
642.91182083	-0.00104289
643.03146582	-0.00112451
643.15111269	0.00077990
643.27076146	0.00056226
643.39041211	0.00069829
643.51006465	-0.00090686
643.62971907	0.00083432
643.74937537	0.00009976
643.86903355	0.00097035
643.98869361	-0.00107010
644.10835555	0.00018137
644.22801936	0.00075270
644.34768504	-0.00077084
644.46735259	-0.00169584
644.58702201	0.00023578
644.70669329	-0.00251202
644.82636645	-0.00183187
644.94604146	-0.00229437
645.06571834	-0.00077084
645.18539707	-0.00049878
645.30507767	0.00086152
645.42476012	0.00023578
645.54444442	0.00083432
645.66413058	-0.00028113
645.78381858	0.00001814
645.90350844	-0.00101569
646.02320014	0.00107917
646.14289369	-0.00063481
646.26258908	-0.00047157
646.38228632	-0.00117892
646.50198539	-0.00009069
646.62168630	-0.00055319
646.74138905	0.00069829
646.86109363	-0.00234878
646.98080004	0.00001814
647.10050829	-0.00058039
647.22021836	0.00007255
647.33993027	-0.00066201
647.45964399	0.00001814
647.57935954	0.00146005
647.69907692	0.00020858
647.81879611	-0.00006348
647.93851712	0.00015417
648.05823995	-0.00153260
648.17796459	-0.00090686
648.29769104	-0.00169584
648.41741931	0.00048064
648.53714938	-0.00052598
648.65688126	-0.00147819
648.77661495	-0.00131495
648.89635044	0.00004534
649.01608774	-0.00136937
649.13582683	-0.00058039
649.25556772	0.00031740
649.37531041	0.00020858
649.49505490	0.00091593
649.61480117	-0.00011789
649.73454924	0.00050784
649.85429910	0.00061667
649.97405074	-0.00017230
650.09380417	0.00023578
650.21355939	-0.00223996
650.33331639	-0.00087966
650.45307516	-0.00172304
650.57283572	-0.00028113
650.69259805	-0.00000907
650.81236216	0.00061667
650.93212804	-0.00131495
651.05189569	0.00132402
651.17166512	-0.00161422
651.29143631	0.00064387
651.41120926	-0.00172304
651.53098398	0.00167770
651.65076047	-0.00074363
651.77053871	0.00069829
651.89031871	0.00053505
652.01010047	0.00110638
652.12988398	-0.00283849
652.24966925	-0.00055319
652.36945627	-0.00126054
652.48924504	0.00077990
652.60903556	-0.00229437
652.72882782	0.00015417
652.84862183	-0.00071642
652.96841758	-0.00017230
653.08821507	-0.00063481
653.20801430	-0.00098848
653.32781527	-0.00077084
653.44761797	0.00020858
653.56742241	-0.00123334
653.68722858	0.00077990
653.80703648	-0.00126054
653.92684610	-0.00150540
654.04665746	-0.00164143
654.16647053	0.00012696
654.28628533	-0.00126054
654.40610186	-0.00000907
654.52592010	-0.00155981
654.64574005	-0.00063481
654.76556173	-0.00014510
654.88538512	0.00067108
655.00521022	-0.00109731
655.12503703	0.00034461
655.24486554	-0.00025392
655.36469577	0.00097035
655.48452770	0.00048064
655.60436133	0.00048064
655.72419666	0.00012696
655.84403370	-0.00030833
655.96387243	-0.00199510
656.08371286	-0.00055319
656.20355498	-0.00305613
656.32339879	0.00037181
656.44324429	-0.00077084
656.56309148	-0.00090686
656.68294036	-0.00270246
656.80279093	-0.00019951
656.92264317	0.00094314
657.04249710	-0.00199510
657.16235271	-0.00145098
657.28221000	0.00031740
657.40206896	0.00102476
657.52192959	0.00026299
657.64179190	-0.00049878
657.76165588	-0.00011789
657.88152153	0.00042623
658.00138885	-0.00000907
658.12125783	-0.00215834
658.24112847	-0.00237599
658.36100077	-0.00019951
658.48087474	-0.00082525
658.60075036	-0.00223996
658.72062764	-0.00079804
658.84050658	-0.00038995
658.96038716	-0.00077084
659.08026940	0.00001814
659.20015328	0.00099755
659.32003882	-0.00028113
659.43992600	0.00107917
659.55981482	-0.00000907
659.67970528	0.00031740
659.79959739	-0.00169584
659.91949113	-0.00041716
660.03938651	-0.00180466
660.15928352	-0.00055319
660.27918217	-0.00139657
660.39908244	0.00064387
660.51898435	-0.00161422
660.63888788	-0.00098848
660.75879304	-0.00058039
660.87869983	0.00146005
660.99860823	-0.00028113
661.11851826	-0.00006348
661.23842990	0.00061667
661.35834316	0.00189535
661.47825804	-0.00150540
661.59817453	-0.00117892
661.71809262	-0.00243040
661.83801233	0.00023578
661.95793365	-0.00245760
662.07785657	-0.00019951
662.19778110	-0.00169584
662.31770723	-0.00147819
662.43763496	-0.00036275
662.55756428	-0.00077084
662.67749521	-0.00074363
662.79742773	0.00034461
662.91736184	0.00094314
663.03729754	0.00001814
663.15723484	0.00088873
663.27717372	0.00077990
663.39711419	-0.00014510
663.51705624	-0.00066201
663.63699987	-0.00098848
663.75694509	-0.00022672
663.87689188	-0.00234878
663.99684025	0.00053505
664.11679019	-0.00185907
664.23674171	-0.00060760
664.35669480	-0.00177746
664.47664946	0.00083432
664.59660569	-0.00038995
664.71656349	0.00007255
664.83652285	-0.00041716
664.95648377	0.00042623
665.07644625	0.00083432
665.19641029	0.00001814
665.31637589	-0.00104289
665.43634304	-0.00085245
665.55631175	0.00023578
665.67628201	-0.00093407
665.79625382	-0.00155981
665.91622718	0.00018137
666.03620208	-0.00090686
666.15617853	0.00034461
666.27615652	-0.00109731
666.39613605	0.00018137
666.51611712	-0.00166863
666.63609973	0.00097035
666.75608388	-0.00049878
666.87606956	0.00031740
666.99605677	-0.00060760
667.11604551	0.00053505
667.23603578	-0.00134216
667.35602757	-0.00030833
667.47602089	-0.00107010
667.59601574	-0.00052598
667.71601210	-0.00087966
667.83600998	0.00050784
667.95600939	-0.00210393
668.07601030	-0.00107010
668.19601273	-0.00063481
668.31601668	0.00048064
668.43602213	-0.00003627
668.55602909	-0.00009069
668.67603756	-0.00006348
668.79604754	0.00154167
668.91605902	-0.00071642
669.03607199	0.00031740
669.15608647	-0.00033554
669.27610245	-0.00038995
669.39611992	-0.00194069
669.51613889	-0.00082525
669.63615935	-0.00134216
669.75618130	-0.00101569
669.87620473	-0.00240319
669.99622966	-0.00082525
670.11625607	-0.00082525
670.23628396	-0.00017230
670.35631334	0.00124241
670.47634419	0.00110638
670.59637653	-0.00077084
670.71641034	0.00069829
670.83644562	-0.00003627
670.95648238	0.00061667
671.07652060	-0.00058039
671.19656030	-0.00155981
671.31660146	-0.00019951
671.43664409	0.00075270
671.55668818	-0.00131495
671.67673374	-0.00237599
671.79678075	0.00107917
671.91682923	-0.00128775
672.03687915	0.00020858
672.15693054	0.00029020
672.27698337	0.00031740
672.39703766	0.00053505
672.51709340	0.00034461
672.63715058	0.00007255
672.75720921	0.00086152
672.87726928	-0.00223996
672.99733080	-0.00033554
673.11739375	-0.00131495
673.23745815	-0.00049878
673.35752398	-0.00077084
673.47759124	-0.00109731
673.59765994	-0.00343702
673.71773007	-0.00022672
673.83780163	-0.00030833
673.95787461	-0.00096128
674.07794903	-0.00060760
674.19802486	-0.00017230
674.31810212	-0.00028113
674.43818080	-0.00047157
674.55826090	-0.00112451
674.67834241	0.00031740
674.79842534	-0.00019951
674.91850968	0.00050784
675.03859543	-0.00362746
675.15868260	-0.00030833
675.27877117	-0.00139657
675.39886115	0.00162329
675.51895253	-0.00090686
675.63904531	-0.00153260
675.75913949	-0.00074363
675.87923508	0.00118799
675.99933206	-0.00153260
676.11943043	0.00165049
676.23953020	0.00045343
676.35963136	0.00208579
676.47973391	0.00053505
676.59983785	-0.00000907
676.71994317	-0.00096128
676.84004988	-0.00028113
676.96015797	-0.00112451
677.08026744	-0.00161422
677.20037829	-0.00147819
677.32049052	-0.00202231
677.44060412	-0.00150540
677.56071910	-0.00052598
677.68083545	-0.00022672
677.80095317	-0.00082525
677.92107225	-0.00120613
678.04119271	0.00061667
678.16131452	0.00042623
678.28143771	-0.00098848
678.40156225	-0.00014510
678.52168815	-0.00038995
678.64181541	-0.00038995
678.76194402	-0.00153260
678.88207399	-0.00068922
679.00220531	-0.00120613
679.12233798	-0.00093407
679.24247199	-0.00074363
679.36260736	-0.00221275
679.48274407	0.00045343
679.60288212	-0.00172304
679.72302151	0.00042623
679.84316225	0.00156888
679.96330432	0.00048064
680.08344772	-0.00017230
680.20359246	-0.00028113
680.32373853	-0.00017230
680.44388594	0.00121520
680.56403467	-0.00109731
680.68418473	0.00056226
680.80433611	-0.00286569
680.92448882	-0.00191349
681.04464284	-0.00153260
681.16479819	-0.00234878
681.28495486	0.00015417
681.40511284	-0.00074363
681.52527213	-0.00011789
681.64543274	-0.00049878
681.76559466	-0.00139657
681.88575789	0.00020858
682.00592242	-0.00115172
682.12608826	0.00039902
682.24625540	0.00026299
682.36642384	-0.00196790
682.48659359	-0.00041716
682.60676463	-0.00038995
682.72693697	-0.00226716
682.84711060	-0.00000907
682.96728553	-0.00109731
683.08746174	-0.00128775
683.20763925	-0.00177746
683.32781804	-0.00058039
683.44799811	-0.00139657
683.56817948	-0.00030833
683.68836212	-0.00063481
683.80854604	-0.00011789
683.92873124	0.00099755
684.04891772	0.00001814
684.16910547	0.00001814
684.28929449	-0.00019951
684.40948479	-0.00126054
684.52967635	0.00083432
684.64986919	-0.00109731
684.77006328	-0.00109731
684.89025865	-0.00286569
685.01045527	-0.00093407
685.13065315	-0.00155981
685.25085229	-0.00022672
685.37105269	-0.00177746
685.49125435	-0.00033554
685.61145725	0.00007255
685.73166141	0.00091593
685.85186682	-0.00128775
685.97207347	0.00064387
686.09228137	-0.00071642
686.21249051	-0.00033554
686.33270090	-0.00038995
686.45291253	-0.00071642
686.57312539	-0.00123334
686.69333949	-0.00164143
686.81355483	-0.00120613
686.93377140	-0.00066201
687.05398920	-0.00087966
687.17420823	0.00034461
687.29442849	-0.00136937
687.41464998	0.00069829
687.53487269	-0.00044436
687.65509662	0.00184094
687.77532177	-0.00038995
687.89554814	0.00094314
688.01577573	0.00048064
688.13600453	-0.00019951
688.25623455	-0.00003627
688.37646577	0.00031740
688.49669821	-0.00087966
688.61693186	-0.00047157
688.73716671	-0.00221275
688.85740276	-0.00210393
688.97764002	-0.00123334
689.09787848	-0.00142378
689.21811814	-0.00036275
689.33835900	-0.00036275
689.45860105	-0.00104289
689.57884429	0.00007255
689.69908873	0.00026299
689.81933435	0.00097035
689.93958117	0.00001814
690.05982917	-0.00033554
690.18007835	0.00012696
690.30032872	-0.00047157
690.42058027	-0.00256643
690.54083300	-0.00000907
690.66108690	-0.00259363
690.78134198	-0.00107010
690.90159824	-0.00079804
691.02185567	0.00004534
691.14211426	-0.00117892
691.26237403	-0.00131495
691.38263496	0.00034461
691.50289706	-0.00087966
691.62316032	-0.00063481
691.74342474	-0.00033554
691.86369032	0.00053505
691.98395706	-0.00085245
692.10422495	-0.00101569
692.22449400	-0.00030833
692.34476420	-0.00087966
692.46503555	-0.00101569
692.58530804	-0.00172304
692.70558169	-0.00109731
692.82585648	-0.00052598
692.94613241	-0.00166863
693.06640949	-0.00158701
693.18668770	-0.00085245
693.30696705	-0.00041716
693.42724754	0.00132402
693.54752916	-0.00071642
693.66781192	0.00023578
693.78809580	-0.00126054
693.90838082	0.00031740
694.02866696	-0.00098848
694.14895422	-0.00006348
694.26924261	-0.00104289
694.38953213	-0.00017230
694.50982276	-0.00166863
694.63011450	-0.00158701
694.75040737	-0.00147819
694.87070135	0.00086152
694.99099644	-0.00180466
695.11129264	0.00042623
695.23158995	-0.00123334
695.35188837	0.00064387
695.47218790	-0.00063481
695.59248852	0.00099755
695.71279025	-0.00136937
695.83309308	-0.00006348
695.95339701	-0.00079804
696.07370203	-0.00047157
696.19400815	0.00004534
696.31431536	-0.00090686
696.43462367	-0.00264805
696.55493306	-0.00058039
696.67524354	-0.00147819
696.79555510	-0.00049878
696.91586775	-0.00185907
697.03618148	-0.00142378
697.15649629	-0.00101569
697.27681218	0.00015417
697.39712914	0.00048064
697.51744718	0.00102476
697.63776629	0.00001814
697.75808648	0.00053505
697.87840773	-0.00117892
697.99873005	-0.00136937
698.11905344	-0.00283849
698.23937789	-0.00082525
698.35970340	-0.00052598
698.48002997	-0.00014510
698.60035760	-0.00104289
698.72068629	0.00031740
698.84101604	-0.00169584
698.96134683	-0.00063481
699.08167868	-0.00000907
699.20201158	-0.00134216
699.32234552	-0.00115172
699.44268051	-0.00038995
699.56301655	-0.00131495
699.68335363	0.00009976
699.80369174	-0.00071642
699.92403090	-0.00052598
700.04437109	-0.00210393
700.16471232	-0.00229437
700.28505459	-0.00213113
700.40539788	-0.00107010
700.52574220	-0.00185907
700.64608755	-0.00117892
700.76643393	-0.00112451
700.88678133	0.00031740
701.00712976	0.00080711
701.12747920	0.00110638
701.24782967	-0.00243040
701.36818115	0.00020858
701.48853365	0.00026299
701.60888716	-0.00017230
701.72924168	0.00048064
701.84959721	-0.00098848
701.96995375	-0.00210393
702.09031130	0.00075270
702.21066985	-0.00145098
702.33102940	-0.00223996
702.45138996	0.00042623
702.57175151	-0.00185907
702.69211406	-0.00028113
702.81247761	-0.00085245
702.93284215	0.00020858
703.05320768	-0.00017230
703.17357421	0.00124241
703.29394172	-0.00025392
703.41431021	-0.00068922
703.53467970	0.00018137
703.65505016	-0.00063481
703.77542161	-0.00117892
703.89579403	-0.00123334
704.01616744	-0.00221275
704.13654182	0.00020858
704.25691717	-0.00109731
704.37729349	-0.00006348
704.49767079	-0.00009069
704.61804905	-0.00063481
704.73842828	-0.00022672
704.85880848	0.00129682
704.97918964	-0.00226716
705.09957176	0.00048064
705.21995484	-0.00041716
705.34033888	-0.00047157
705.46072387	0.00031740
705.58110982	0.00075270
705.70149672	-0.00025392
705.82188457	-0.00107010
705.94227337	-0.00177746
706.06266311	-0.00041716
706.18305380	-0.00223996
706.30344544	-0.00112451
706.42383802	-0.00109731
706.54423153	-0.00025392
706.66462599	0.00034461
706.78502138	-0.00028113
706.90541770	0.00001814
707.02581496	-0.00087966
707.14621314	0.00023578
707.26661226	-0.00009069
707.38701231	-0.00022672
707.50741327	0.00072549
707.62781517	-0.00161422
707.74821798	-0.00030833
707.86862172	-0.00207672
707.98902637	-0.00120613
708.10943194	-0.00183187
708.22983842	0.00151446
708.35024582	-0.00085245
708.47065412	0.00015417
708.59106334	-0.00139657
708.71147346	0.00058946
708.83188449	-0.00063481
708.95229643	0.00001814
709.07270926	-0.00049878
709.19312299	-0.00109731
709.31353763	-0.00006348
709.43395316	-0.00052598
709.55436958	-0.00087966
709.67478690	-0.00120613
709.79520511	-0.00077084
709.91562421	0.00102476
710.03604419	-0.00161422
710.15646506	-0.00011789
710.27688682	-0.00098848
710.39730946	-0.00074363
710.51773297	-0.00150540
710.63815737	-0.00033554
710.75858264	-0.00022672
710.87900879	0.00151446
710.99943581	-0.00131495
711.11986370	-0.00000907
711.24029247	-0.00185907
711.36072210	0.00091593
711.48115259	-0.00117892
711.60158395	0.00007255
711.72201617	-0.00155981
711.84244926	-0.00044436
711.96288320	-0.00107010
712.08331799	-0.00104289
712.20375365	-0.00155981
712.32419015	0.00121520
712.44462751	0.00126961
712.56506572	0.00058946
712.68550478	0.00026299
712.80594468	0.00116079
712.92638543	-0.00079804
713.04682701	-0.00058039
713.16726944	-0.00330099
713.28771271	0.00077990
713.40815682	-0.00207672
713.52860176	-0.00049878
713.64904753	-0.00185907
713.76949414	-0.00014510
713.88994158	-0.00136937
714.01038984	-0.00185907
714.13083893	-0.00079804
714.25128885	-0.00093407
714.37173958	0.00042623
714.49219114	0.00004534
714.61264352	0.00004534
714.73309672	0.00053505
714.85355073	0.00072549
714.97400555	-0.00221275
715.09446119	-0.00087966
715.21491764	0.00181373
715.33537489	-0.00107010
715.45583295	-0.00033554
715.57629182	-0.00131495
715.69675149	-0.00090686
715.81721196	-0.00101569
715.93767323	-0.00025392
716.05813530	-0.00126054
716.17859816	-0.00052598
716.29906182	-0.00128775
716.41952626	0.00140564
716.53999150	0.00031740
716.66045753	0.00053505
716.78092435	-0.00017230
716.90139195	0.00080711
717.02186033	-0.00115172
717.14232949	-0.00028113
717.26279944	-0.00071642
717.38327016	0.00020858
717.50374166	-0.00229437
717.62421393	-0.00074363
717.74468697	0.00018137
717.86516078	-0.00011789
717.98563537	-0.00098848
718.10611072	-0.00030833
718.22658683	-0.00155981
718.34706371	-0.00063481
718.46754135	-0.00221275
718.58801975	-0.00175025
718.70849891	-0.00017230
718.82897882	-0.00000907
718.94945949	-0.00060760
719.06994091	0.00001814
719.19042308	-0.00183187
719.31090600	-0.00077084
719.43138967	-0.00248481
719.55187408	0.00004534
719.67235924	-0.00041716
719.79284513	-0.00071642
719.91333177	-0.00060760
720.03381915	-0.00109731
720.15430726	-0.00052598
720.27479611	-0.00098848
720.39528569	0.00007255
720.51577600	-0.00218554
720.63626704	-0.00025392
720.75675880	-0.00038995
720.87725130	0.00097035
720.99774451	0.00026299
721.11823845	-0.00180466
721.23873311	-0.00085245
721.35922848	-0.00107010
721.47972458	0.00086152
721.60022139	0.00007255
721.72071891	-0.00019951
721.84121714	0.00004534
721.96171608	-0.00055319
722.08221573	-0.00036275
722.20271608	0.00088873
722.32321714	-0.00107010
722.44371890	-0.00052598
722.56422136	-0.00128775
722.68472452	-0.00036275
722.80522838	-0.00142378
722.92573293	0.00023578
723.04623817	-0.00256643
723.16674411	-0.00014510
723.28725073	-0.00145098
723.40775804	-0.00077084
723.52826604	-0.00164143
723.64877472	-0.00049878
723.76928409	-0.00033554
723.88979414	-0.00041716
724.01030486	-0.00052598
724.13081626	0.00162329
724.25132834	0.00067108
724.37184109	0.00077990
724.49235451	-0.00101569
724.61286860	0.00053505
724.73338336	-0.00245760
724.85389878	-0.00134216
724.97441487	-0.00096128
725.09493162	-0.00139657
725.21544903	-0.00223996
725.33596711	-0.00087966
725.45648583	-0.00196790
725.57700522	-0.00003627
725.69752526	-0.00003627
725.81804594	0.00080711
725.93856728	-0.00139657
726.05908927	0.00009976
726.17961190	-0.00104289
726.30013518	-0.00006348
726.42065910	-0.00085245
726.54118366	-0.00131495
726.66170886	-0.00038995
726.78223470	0.00020858
726.90276117	-0.00011789
727.02328828	-0.00058039
727.14381602	-0.00052598
727.26434439	-0.00169584
727.38487339	-0.00000907
727.50540301	-0.00000907
727.62593326	-0.00071642
727.74646413	0.00086152
727.86699562	-0.00123334
727.98752774	0.00039902
728.10806047	0.00015417
728.22859381	-0.00172304
728.34912777	-0.00096128
728.46966234	-0.00071642
728.59019752	-0.00158701
728.71073331	-0.00123334
728.83126971	-0.00107010
728.95180671	0.00009976
729.07234432	-0.00134216
729.19288252	0.00009976
729.31342133	-0.00109731
729.43396073	0.00037181
729.55450073	-0.00041716
729.67504133	0.00080711
729.79558251	-0.00074363
729.91612429	-0.00090686
730.03666665	-0.00038995
730.15720960	0.00034461
730.27775314	-0.00145098
730.39829726	0.00045343
730.51884196	-0.00068922
730.63938724	0.00023578
730.75993310	-0.00351864
730.88047954	-0.00068922
731.00102655	-0.00087966
731.12157413	-0.00036275
731.24212228	-0.00180466
731.36267101	0.00140564
731.48322030	-0.00066201
731.60377015	0.00037181
731.72432057	-0.00158701
731.84487155	-0.00109731
731.96542309	0.00159608
732.08597519	0.00086152
732.20652784	0.00077990
732.32708105	-0.00074363
732.44763481	-0.00221275
732.56818912	-0.00286569
732.68874398	-0.00047157
732.80929939	-0.00185907
732.92985534	-0.00090686
733.05041184	-0.00153260
733.17096888	0.00042623
733.29152646	-0.00000907
733.41208458	0.00126961
733.53264323	-0.00150540
733.65320242	0.00086152
733.77376215	-0.00077084
733.89432240	0.00026299
734.01488318	-0.00006348
734.13544449	-0.00055319
734.25600633	0.00012696
734.37656869	0.00086152
734.49713157	-0.00009069
734.61769497	-0.00153260
734.73825889	-0.00093407
734.85882333	-0.00000907
734.97938828	-0.00207672
735.09995375	0.00173211
735.22051972	0.00018137
735.34108621	0.00004534
735.46165320	-0.00003627
735.58222070	-0.00028113
735.70278871	-0.00142378
735.82335721	-0.00096128
735.94392622	-0.00223996
736.06449572	-0.00126054
736.18506573	-0.00207672
736.30563622	0.00023578
736.42620721	-0.00131495
736.54677870	0.00056226
736.66735067	-0.00101569
736.78792313	-0.00028113
736.90849607	-0.00123334
737.02906950	0.00045343
737.14964342	0.00015417
737.27021781	0.00107917
737.39079268	-0.00153260
737.51136803	-0.00077084
737.63194386	-0.00134216
737.75252016	0.00001814
737.87309693	-0.00049878
737.99367417	0.00053505
738.11425187	-0.00019951
738.23483005	-0.00093407
738.35540869	-0.00047157
738.47598779	0.00037181
738.59656735	0.00056226
738.71714737	0.00102476
738.83772785	0.00029020
738.95830878	-0.00104289
739.07889017	-0.00063481
739.19947201	0.00048064
739.32005430	-0.00107010
739.44063704	-0.00077084
739.56122022	-0.00107010
739.68180385	0.00034461
739.80238793	-0.00109731
739.92297244	-0.00052598
740.04355739	-0.00248481
740.16414278	-0.00052598
740.28472861	-0.00047157
740.40531487	-0.00175025
740.52590156	0.00069829
740.64648868	0.00121520
740.76707623	-0.00019951
740.88766421	0.00009976
741.00825261	-0.00006348
741.12884144	0.00067108
741.24943068	0.00056226
741.37002035	0.00162329
741.49061043	-0.00139657
741.61120093	-0.00101569
741.73179185	-0.00153260
741.85238317	0.00020858
741.97297491	-0.00194069
742.09356706	0.00129682
742.21415961	-0.00049878
742.33475257	-0.00011789
742.45534593	-0.00177746
742.57593969	-0.00009069
742.69653385	-0.00022672
742.81712841	0.00118799
742.93772337	-0.00033554
743.05831872	-0.00006348
743.17891446	-0.00196790
743.29951059	0.00026299
743.42010711	-0.00145098
743.54070402	0.00031740
743.66130132	-0.00153260
743.78189900	0.00118799
743.90249706	-0.00142378
744.02309550	-0.00117892
744.14369431	0.00007255
744.26429351	-0.00150540
744.38489308	-0.00036275
744.50549302	0.00042623
